-8.881784197001252323e-16,-4.242640687119283882e+00
0.000000000000000000e+00,2.828427124746189847e+00
-2.828427124746185406e+00,-7.071067811865477282e+00
8.485281374238569541e+00,1.131370849898475583e+01
2.121320343559642385e+00,2.121320343559642385e+00
-2.121320343559642385e+00,-7.071067811865474617e-01
-4.242640687119283882e+00,-9.899494936611663576e+00
-5.656854249492379694e+00,1.414213562373095101e+01
4.949747468305833564e+00,-6.363961030678924047e+00
-6.646803743153536459e+01,2.121320343559644783e+01
-8.485281374238569541e+00,9.899494936611665352e+00
-7.071067811865473729e+00,-4.242640687119284770e+00
-7.071067811865474617e-01,-7.071067811865474617e-01
-9.192388155425101459e+00,2.474873734152908611e+01
3.535533905932740417e+00,-2.333452377915605780e+01
6.363961030678926711e+00,7.778174593052019858e+00
-9.899494936611665352e+00,-2.828427124746191179e+00
1.131370849898476116e+01,-9.899494936611665352e+00
7.071067811865474617e-01,-3.535533905932737309e+00
4.242640687119284770e+00,4.242640687119283882e+00
-8.485281374238569541e+00,1.272792206135785165e+01
2.121320343559642385e+00,3.535533905932737309e+00
6.363961030678925823e+00,7.778174593052021635e+00
4.242640687119284770e+00,2.828427124746189847e+00
-1.414213562373094923e+00,-1.414213562373094923e+00
4.242640687119285658e+00,-1.272792206135785520e+01
7.071067811865480834e+00,2.545584412271571750e+01
3.535533905932737309e+00,6.363961030678927600e+00
-4.949747468305833564e+00,2.121320343559642385e+00
-2.828427124746188959e+00,4.242640687119283882e+00
-2.828427124746189847e+00,-7.071067811865474617e+00
-1.414213562373094923e+00,2.828427124746189847e+00
-4.949747468305831788e+00,-2.121320343559642385e+00
2.121320343559642385e+00,-3.535533905932737309e+00
0.000000000000000000e+00,1.414213562373094923e+00
-7.071067811865519026e-01,2.121320343559642385e+00
7.071067811865474617e-01,-7.071067811865474617e-01
-4.525483399593900913e+01,1.414213562373094213e+01
1.484924240491750069e+01,2.333452377915605069e+01
4.242640687119284770e+00,1.414213562373094923e+00
1.414213562373094923e+00,-1.131370849898475939e+01
-7.071067811865474617e-01,6.363961030678927600e+00
0.000000000000000000e+00,1.414213562373094923e+00
-5.656854249492379694e+00,-2.828427124746189403e+00
-3.535533905932737309e+00,7.071067811865474617e-01
-7.071067811865473729e+00,-2.828427124746189847e+00
-7.071067811865474617e-01,7.071067811865474617e-01
6.363961030678926711e+00,7.071067811865474617e-01
0.000000000000000000e+00,1.414213562373094923e+00
1.414213562373094035e+00,-5.656854249492379694e+00
2.121320343559642385e+00,-7.071067811865474617e-01
3.535533905932737309e+00,2.121320343559642385e+00
-1.414213562373094923e+00,0.000000000000000000e+00
1.414213562373094923e+00,-1.414213562373094923e+00
-3.535533905932737309e+00,2.121320343559642385e+00
-7.071067811865474617e-01,-2.121320343559642385e+00
5.656854249492376141e+00,4.242640687119283882e+00
1.414213562373094923e+00,-1.414213562373094923e+00
7.071067811865474617e-01,-7.071067811865474617e-01
2.121320343559642385e+00,-2.121320343559642385e+00
6.363961030678927600e+00,-1.343502884254440666e+01
1.414213562373094923e+00,-4.242640687119283882e+00
-1.414213562373094923e+00,-4.440892098500626162e-16
-1.414213562373094923e+00,2.828427124746189847e+00
1.131370849898475939e+01,-1.414213562373094923e+00
-1.414213562373094923e+00,1.414213562373094923e+00
-7.071067811865473729e+00,7.071067811865473729e+00
-7.071067811865474617e+00,1.131370849898475939e+01
2.121320343559642385e+00,-3.535533905932736864e+00
1.555634918610404327e+01,-5.656854249492385023e+00
-6.363961030678924047e+00,9.192388155425117446e+00
1.060660171779821148e+01,6.363961030678926711e+00
1.131370849898475939e+01,-4.242640687119284770e+00
2.121320343559642385e+00,2.121320343559642385e+00
2.121320343559641497e+00,3.535533905932737309e+00
6.363961030678925823e+00,-2.121320343559642385e+00
6.363961030678924047e+00,4.949747468305831788e+00
-2.828427124746190735e+00,2.664535259100375697e-15
-7.071067811865473729e+00,-5.656854249492377917e+00
-7.071067811865474617e-01,-2.121320343559642385e+00
-4.242640687119283882e+00,0.000000000000000000e+00
3.535533905932737309e+00,7.071067811865474617e-01
3.535533905932737309e+00,-3.535533905932737309e+00
1.414213562373094923e+00,1.414213562373094923e+00
1.626345596729059295e+01,2.333452377915608977e+01
2.121320343559642385e+00,-7.071067811865474617e-01
0.000000000000000000e+00,0.000000000000000000e+00
-7.071067811865474617e-01,2.121320343559642385e+00
4.949747468305831788e+00,4.949747468305831788e+00
4.949747468305831788e+00,9.192388155425113894e+00
-2.828427124746189847e+00,2.828427124746189847e+00
1.767766952966368876e+01,3.535533905932733312e+00
-2.828427124746189847e+00,1.414213562373094923e+00
0.000000000000000000e+00,-4.242640687119284770e+00
1.626345596729059650e+01,-6.363961030678931152e+00
-7.071067811865474617e-01,3.535533905932737309e+00
-4.949747468305831788e+00,7.071067811865474617e-01
-4.949747468305830012e+00,1.060660171779821326e+01
5.656854249492379694e+00,4.440892098500626162e-16
2.121320343559643273e+00,7.071067811865439090e-01
7.071067811865475505e+00,-2.828427124746189847e+00
-4.242640687119283882e+00,8.881784197001252323e-16
0.000000000000000000e+00,0.000000000000000000e+00
8.485281374238565988e+00,2.828427124746190735e+00
7.071067811865474617e-01,7.071067811865474617e-01
4.101219330881975367e+01,7.071067811865464847e+00
-1.414213562373094479e+00,1.414213562373094923e+00
7.071067811865474617e-01,-7.071067811865474617e-01
7.071067811865474617e-01,-7.778174593052021635e+00
1.414213562373094923e+00,0.000000000000000000e+00
-2.828427124746188959e+00,0.000000000000000000e+00
4.242640687119284770e+00,-5.656854249492379694e+00
2.121320343559642385e+00,-2.121320343559642385e+00
0.000000000000000000e+00,1.414213562373094923e+00
7.071067811865465735e-01,6.363961030678927600e+00
-8.485281374238569541e+00,-1.272792206135785698e+01
-3.889087296526010817e+01,-7.778174593052020747e+00
-1.414213562373094923e+00,0.000000000000000000e+00
1.343502884254440666e+01,-1.202081528017131085e+01
0.000000000000000000e+00,-1.414213562373094923e+00
-1.343502884254439955e+01,2.121320343559645494e+00
2.121320343559642385e+00,-3.535533905932737309e+00
-1.414213562373094923e+00,0.000000000000000000e+00
7.071067811865479058e-01,-7.778174593052025187e+00
2.121320343559642385e+00,7.071067811865474617e-01
-4.949747468305831788e+00,-6.363961030678927600e+00
-2.121320343559643273e+00,3.535533905932736420e+00
1.414213562373094923e+00,0.000000000000000000e+00
1.414213562373094923e+00,5.656854249492379694e+00
-3.535533905932737309e+00,7.071067811865474617e-01
2.828427124746189847e+00,0.000000000000000000e+00
-3.535533905932733756e+00,7.071067811865425767e-01
2.121320343559641053e+00,-6.363961030678932929e+00
-1.414213562373094035e+00,-5.656854249492379694e+00
-1.414213562373094923e+00,-1.131370849898475939e+01
7.071067811865474617e-01,-7.071067811865474617e-01
3.535533905932736420e+00,4.949747468305833564e+00
-9.899494936611665352e+00,-2.828427124746190735e+00
2.828427124746189847e+00,2.828427124746189847e+00
1.414213562373094923e+00,2.828427124746189847e+00
-7.071067811865474617e-01,7.071067811865474617e-01
-5.656854249492379694e+00,-1.414213562373094923e+00
-7.071067811865474617e-01,2.121320343559642385e+00
9.899494936611663576e+00,2.828427124746189847e+00
-4.242640687119280329e+00,-2.828427124746190202e+01
-7.071067811865474617e-01,3.535533905932737309e+00
-4.949747468305831788e+00,-4.949747468305833564e+00
9.899494936611665352e+00,4.242640687119285658e+00
-7.778174593052022523e+00,2.121320343559641497e+00
2.828427124746189847e+00,-1.414213562373094923e+00
-1.202081528017130729e+01,-7.071067811865479058e-01
7.071067811865475505e+00,5.656854249492380582e+00
3.535533905932737309e+00,2.121320343559642385e+00
-7.071067811865474617e-01,-7.071067811865474617e-01
-4.949747468305831788e+00,2.121320343559642385e+00
8.485281374238569541e+00,-2.828427124746189847e+00
-2.828427124746189847e+00,1.414213562373094923e+00
4.242640687119285658e+00,5.656854249492379694e+00
-2.121320343559642385e+00,7.071067811865474617e-01
0.000000000000000000e+00,1.414213562373094923e+00
-2.828427124746189847e+00,1.272792206135785520e+01
1.414213562373094923e+00,-4.242640687119283882e+00
-4.242640687119284770e+00,4.242640687119284770e+00
-2.828427124746189847e+00,-8.881784197001252323e-16
2.828427124746189847e+00,0.000000000000000000e+00
7.071067811865474617e+00,2.828427124746188959e+00
-9.899494936611665352e+00,-2.828427124746189847e+00
4.242640687119284770e+00,0.000000000000000000e+00
-1.776356839400250465e-15,-5.656854249492385023e+00
-8.485281374238571317e+00,8.485281374238571317e+00
7.778174593052024299e+00,-7.071067811865483499e-01
2.828427124746189847e+00,1.414213562373094923e+00
1.414213562373094923e+00,-7.071067811865474617e+00
5.656854249492379694e+00,-2.828427124746189847e+00
-9.192388155425117446e+00,-7.071067811865474617e-01
2.828427124746189847e+00,2.828427124746188959e+00
-3.535533905932737309e+00,3.535533905932736864e+00
-2.121320343559642385e+00,-7.071067811865474617e-01
-4.949747468305832676e+00,1.343502884254440133e+01
1.131370849898477005e+01,1.131370849898475939e+01
1.060660171779821503e+01,9.192388155425115670e+00
3.535533905932739085e+00,6.363961030678925823e+00
1.626345596729058940e+01,-7.778174593052023411e+00
-7.071067811865474617e-01,2.121320343559642385e+00
-4.242640687119283882e+00,-1.414213562373094035e+00
7.071067811865474617e-01,7.071067811865474617e-01
-1.414213562373095368e+00,9.899494936611665352e+00
1.343502884254440133e+01,-1.343502884254440133e+01
-6.363961030678927600e+00,2.121320343559642385e+00
-1.414213562373094923e+00,0.000000000000000000e+00
1.838477631085023134e+01,-2.545584412271570685e+01
7.071067811865474617e-01,7.071067811865474617e-01
-7.071067811865475505e+00,-8.485281374238573093e+00
-9.899494936611665352e+00,3.252691193458119301e+01
9.899494936611665352e+00,4.242640687119284770e+00
7.071067811865474617e-01,7.071067811865474617e-01
7.071067811865479058e-01,-3.535533905932736420e+00
-2.121320343559642385e+00,7.071067811865474617e-01
-4.242640687119287435e+00,-1.131370849898475939e+01
0.000000000000000000e+00,1.414213562373094923e+00
-5.656854249492377917e+00,-4.242640687119284770e+00
1.414213562373094923e+00,4.242640687119284770e+00
1.414213562373094035e+00,-5.656854249492379694e+00
-4.242640687119284770e+00,2.828427124746190735e+00
8.485281374238567764e+00,-1.414213562373094923e+00
1.414213562373094923e+00,0.000000000000000000e+00
1.414213562373094923e+00,0.000000000000000000e+00
-1.414213562373094923e+00,2.828427124746189847e+00
-2.262741699796950812e+01,-9.899494936611665352e+00
1.272792206135785520e+01,1.838477631085023489e+01
0.000000000000000000e+00,8.485281374238569541e+00
2.121320343559642385e+00,-3.535533905932737309e+00
1.131370849898475939e+01,1.414213562373094923e+00
4.949747468305831788e+00,-7.778174593052021635e+00
2.121320343559642385e+00,3.535533905932736420e+00
-3.535533905932737309e+00,3.535533905932737309e+00
-7.071067811865474617e-01,-7.071067811865474617e-01
2.404163056034261103e+01,1.697056274847713908e+01
-3.535533905932737309e+00,-6.363961030678927600e+00
-2.121320343559642385e+00,-7.071067811865474617e-01
7.778174593052023411e+00,3.535533905932737309e+00
-2.121320343559642385e+00,-3.535533905932736420e+00
-7.071067811865474617e-01,7.071067811865474617e-01
1.272792206135785342e+01,1.131370849898475939e+01
-1.414213562373094923e+00,-2.828427124746189847e+00
-1.414213562373094923e+00,-7.071067811865475505e+00
0.000000000000000000e+00,4.242640687119284770e+00
-7.071067811865474617e-01,-7.071067811865474617e-01
7.778174593052021635e+00,-4.949747468305831788e+00
-1.414213562373095812e+00,4.242640687119285658e+00
2.262741699796951877e+01,7.071067811865477282e+00
-7.071067811865473729e+00,4.242640687119284770e+00
0.000000000000000000e+00,-1.414213562373094923e+00
-4.242640687119283882e+00,-1.414213562373094923e+00
8.485281374238569541e+00,-1.414213562373094923e+00
1.414213562373094923e+00,-1.414213562373094923e+00
7.071067811865474617e-01,7.071067811865474617e-01
4.949747468305832676e+00,-7.778174593052021635e+00
5.656854249492379694e+00,1.131370849898475939e+01
-1.414213562373094923e+00,-5.656854249492379694e+00
-3.535533905932736420e+00,-9.192388155425119223e+00
-7.778174593052021635e+00,-9.192388155425117446e+00
1.697056274847714619e+01,-2.828427124746187626e+00
2.828427124746189847e+00,-1.414213562373094923e+00
1.414213562373094923e+01,7.071067811865473729e+00
7.071067811865474617e-01,7.071067811865474617e-01
-4.242640687119283882e+00,-5.656854249492379694e+00
-2.828427124746189847e+00,1.414213562373094923e+00
4.242640687119285658e+00,-1.414213562373094479e+00
-2.121320343559642385e+00,2.121320343559642385e+00
1.414213562373094035e+00,1.414213562373094923e+00
-2.828427124746189847e+00,1.414213562373094923e+00
7.778174593052023411e+00,4.949747468305833564e+00
-1.414213562373094923e+00,2.828427124746189403e+00
-1.414213562373094923e+00,0.000000000000000000e+00
7.071067811865474617e-01,7.071067811865474617e-01
-4.949747468305832676e+00,2.121320343559642385e+00
-7.071067811865479058e-01,3.535533905932737309e+00
4.949747468305831788e+00,6.363961030678927600e+00
4.949747468305831788e+00,7.071067811865474617e-01
7.071067811865474617e-01,2.121320343559642385e+00
7.071067811865474617e-01,2.121320343559642385e+00
-7.071067811865474617e-01,7.071067811865474617e-01
6.363961030678927600e+00,-7.071067811865474617e-01
-1.343502884254440666e+01,-7.071067811865510144e-01
5.656854249492379694e+00,-1.414213562373094479e+00
2.828427124746189403e+00,4.440892098500626162e-16
-5.656854249492378806e+00,1.838477631085023489e+01
1.414213562373094746e+01,2.404163056034261459e+01
-2.828427124746190291e+00,-2.828427124746189847e+00
7.071067811865487940e-01,3.535533905932737309e+00
-7.071067811865474617e-01,7.071067811865474617e-01
7.071067811865474617e-01,7.071067811865474617e-01
7.071067811865474617e-01,3.535533905932737309e+00
-1.414213562373094923e+00,-2.828427124746189847e+00
7.071067811865474617e-01,7.071067811865474617e-01
2.474873734152914651e+01,2.192031021678300817e+01
7.071067811865474617e-01,-7.071067811865474617e-01
6.363961030678927600e+00,2.121320343559643273e+00
1.202081528017131973e+01,2.899137802864843749e+01
2.121320343559642385e+00,-7.071067811865474617e-01
2.828427124746189847e+00,1.414213562373094923e+00
0.000000000000000000e+00,4.242640687119283882e+00
4.949747468305831788e+00,3.535533905932738197e+00
-4.242640687119285658e+00,-1.414213562373094035e+00
-2.121320343559642385e+00,7.778174593052021635e+00
3.535533905932737309e+00,-2.121320343559642385e+00
1.414213562373094923e+00,1.414213562373094923e+00
-2.121320343559642385e+00,-1.202081528017130729e+01
7.071067811865483499e-01,2.121320343559641941e+00
-5.656854249492379694e+00,-1.414213562373094923e+00
3.535533905932737309e+00,-6.363961030678927600e+00
0.000000000000000000e+00,-2.828427124746189847e+00
2.616295090390225297e+01,2.192031021678296909e+01
4.949747468305831788e+00,-7.071067811865474617e-01
-2.828427124746189847e+00,-1.414213562373094923e+00
-1.555634918610403794e+01,-1.838477631085019937e+01
8.881784197001252323e-16,1.776356839400250465e-15
-2.828427124746189847e+00,1.414213562373094923e+00
-2.828427124746186294e+00,-7.071067811865471953e+00
6.363961030678925823e+00,3.535533905932736420e+00
2.828427124746189847e+00,2.828427124746189847e+00
-7.071067811865474617e-01,-7.071067811865474617e-01
5.656854249492379694e+00,0.000000000000000000e+00
-8.485281374238569541e+00,1.131370849898475583e+01
-7.071067811865474617e-01,2.121320343559642385e+00
2.121320343559642385e+00,3.535533905932737309e+00
-2.121320343559642385e+00,2.121320343559642385e+00
2.828427124746189847e+00,1.414213562373094923e+00
-4.949747468305831788e+00,-7.778174593052021635e+00
2.121320343559642385e+00,4.949747468305831788e+00
-2.121320343559642385e+00,3.535533905932737309e+00
2.121320343559642385e+00,7.071067811865474617e-01
7.071067811865474617e-01,-7.071067811865474617e-01
9.899494936611667129e+00,4.242640687119284770e+00
-1.343502884254440310e+01,7.071067811865474617e-01
7.071067811865474617e-01,7.071067811865474617e-01
-1.060660171779821326e+01,-4.949747468305833564e+00
-2.121320343559642385e+00,-2.121320343559642385e+00
1.414213562373095812e+00,8.485281374238569541e+00
5.656854249492369036e+00,-8.485281374238544672e+00
1.414213562373095812e+00,4.242640687119288323e+00
2.121320343559641497e+00,-2.121320343559642829e+00
7.071067811865465735e-01,4.949747468305833564e+00
-1.202081528017130907e+01,-7.071067811865483499e-01
-3.535533905932736864e+00,-2.121320343559642385e+00
-2.828427124746188959e+00,-2.828427124746189847e+00
7.778174593052025187e+00,-2.333452377915605425e+01
1.414213562373097588e+00,-7.071067811865475505e+00
0.000000000000000000e+00,-1.131370849898475939e+01
7.778174593052021635e+00,-3.535533905932737309e+00
-1.131370849898475583e+01,1.131370849898475761e+01
2.687005768508882397e+01,3.252691193458114327e+01
4.949747468305831788e+00,-7.071067811865474617e-01
4.242640687119275000e+00,-2.262741699796952588e+01
1.414213562373094923e+00,0.000000000000000000e+00
3.535533905932736864e+00,-4.949747468305830900e+00
7.071067811865474617e-01,-7.071067811865474617e-01
-2.828427124746189847e+00,5.656854249492379694e+00
6.363961030678925823e+00,2.121320343559642385e+00
-7.071067811865474617e-01,4.949747468305831788e+00
9.899494936611663576e+00,2.121320343559642652e+01
-2.121320343559642385e+00,7.071067811865474617e-01
0.000000000000000000e+00,5.656854249492379694e+00
-4.949747468305831788e+00,-7.071067811865474617e-01
-1.060660171779820971e+01,4.949747468305833564e+00
4.949747468305831788e+00,-2.121320343559642385e+00
-1.060660171779821326e+01,4.949747468305831788e+00
-7.071067811865474617e-01,-7.071067811865474617e-01
4.949747468305831788e+00,2.121320343559642385e+00
2.121320343559642829e+00,1.626345596729059295e+01
-1.414213562373094746e+01,-9.899494936611667129e+00
-2.828427124746189847e+00,5.656854249492379694e+00
-7.071067811865474617e-01,4.949747468305831788e+00
8.881784197001252323e-16,1.131370849898476116e+01
-1.909188309203677747e+01,2.121320343559643717e+00
0.000000000000000000e+00,-1.414213562373094923e+00
-2.121320343559642385e+00,7.071067811865474617e-01
-2.828427124746190735e+00,-1.697056274847713908e+01
1.414213562373094923e+00,-2.828427124746189847e+00
-1.414213562373094923e+00,0.000000000000000000e+00
-7.071067811865474617e-01,-7.071067811865474617e-01
2.121320343559640609e+00,7.071067811865479058e-01
-2.121320343559642829e+00,7.778174593052021635e+00
-1.414213562373094923e+00,-5.656854249492379694e+00
1.414213562373094923e+00,1.414213562373094923e+00
2.828427124746189847e+00,7.071067811865475505e+00
-2.828427124746189403e+00,1.414213562373094923e+00
-2.192031021678300107e+01,-6.434671708797581857e+01
6.363961030678926711e+00,-2.121320343559642385e+00
7.071067811865473729e+00,0.000000000000000000e+00
-1.202081528017130907e+01,2.121320343559642829e+00
2.616295090390223876e+01,1.202081528017126644e+01
-7.071067811865474617e-01,-7.778174593052021635e+00
-5.656854249492378806e+00,-4.242640687119283882e+00
-3.535533905932737309e+00,7.071067811865474617e-01
1.414213562373094923e+00,4.242640687119284770e+00
-1.414213562373094035e+00,-1.414213562373094035e+00
-2.828427124746189847e+00,-1.414213562373094923e+00
-5.656854249492382358e+00,-9.899494936611663576e+00
2.121320343559642385e+00,2.121320343559642385e+00
7.071067811865474617e-01,4.949747468305831788e+00
6.646803743153553512e+01,1.332267629550187849e-14
1.414213562373095812e+00,-5.656854249492379694e+00
-1.484924240491749536e+01,7.071067811865483499e-01
2.828427124746189847e+00,4.242640687119283882e+00
3.535533905932736420e+00,7.778174593052019858e+00
0.000000000000000000e+00,2.828427124746189847e+00
2.121320343559642385e+00,-2.121320343559642385e+00
-3.535533905932736864e+00,-7.071067811865474617e-01
-2.121320343559642385e+00,-7.778174593052020747e+00
-7.071067811865474617e-01,7.778174593052023411e+00
-5.656854249492379694e+00,-8.485281374238569541e+00
-1.414213562373094923e+00,-1.414213562373094923e+00
5.656854249492377917e+00,1.414213562373094035e+00
2.828427124746189847e+00,0.000000000000000000e+00
7.071067811865474617e-01,2.121320343559642385e+00
-2.828427124746189847e+00,2.828427124746189847e+00
-7.071067811865465735e-01,-7.071067811865474617e-01
2.828427124746189847e+00,2.828427124746189847e+00
0.000000000000000000e+00,-4.242640687119283882e+00
-2.121320343559642385e+00,7.071067811865474617e-01
5.656854249492379694e+00,2.828427124746189847e+00
4.949747468305831788e+00,1.484924240491749892e+01
2.121320343559641497e+00,-7.071067811865483499e-01
-7.778174593052023411e+00,-1.060660171779821148e+01
-5.656854249492379694e+00,4.242640687119283882e+00
-1.414213562373094923e+00,4.242640687119285658e+00
-2.192031021678297620e+01,-2.121320343559642385e+00
1.414213562373094923e+00,0.000000000000000000e+00
-1.414213562373094923e+00,-1.414213562373094923e+00
-1.414213562373094923e+00,0.000000000000000000e+00
2.121320343559642385e+00,1.060660171779821326e+01
-7.071067811865474617e-01,-7.071067811865474617e-01
-6.363961030678925823e+00,-3.535533905932737309e+00
4.242640687119281218e+00,1.131370849898474162e+01
6.363961030678927600e+00,3.535533905932737309e+00
-5.656854249492378806e+00,-1.414213562373095368e+00
2.828427124746189847e+00,2.828427124746189847e+00
-2.121320343559638388e+00,-1.202081528017130552e+01
7.071067811865474617e-01,3.535533905932737309e+00
4.737615433949871857e+01,-1.484924240491745806e+01
7.071067811865474617e-01,-7.071067811865474617e-01
7.071067811865474617e-01,7.071067811865474617e-01
-4.242640687119284770e+00,-7.071067811865474617e+00
-2.121320343559641497e+00,6.363961030678926711e+00
7.778174593052021635e+00,-4.949747468305831788e+00
-3.535533905932737309e+00,-2.121320343559642385e+00
4.949747468305831788e+00,-7.071067811865474617e-01
4.242640687119283882e+00,-2.828427124746188515e+00
0.000000000000000000e+00,2.828427124746190291e+00
-7.071067811865474617e-01,-7.071067811865474617e-01
-2.828427124746189847e+00,2.828427124746189847e+00
-7.071067811865474617e+00,-7.071067811865474617e+00
-7.071067811865474617e-01,7.071067811865474617e-01
-6.363961030678929376e+00,2.121320343559641497e+00
-2.121320343559642829e+00,4.949747468305831788e+00
3.535533905932736420e+00,-6.363961030678925823e+00
5.656854249492377917e+00,-1.414213562373094035e+00
-4.949747468305842446e+00,-1.484924240491749359e+01
4.949747468305831788e+00,4.949747468305831788e+00
7.071067811865474617e-01,2.121320343559642385e+00
-4.242640687119285658e+00,8.881784197001252323e-16
5.656854249492379694e+00,2.828427124746189847e+00
1.414213562373094923e+01,-8.485281374238569541e+00
9.899494936611663576e+00,-5.656854249492379694e+00
4.242640687119283882e+00,1.414213562373095368e+00
2.828427124746189847e+00,1.414213562373094479e+00
3.535533905932737309e+00,7.071067811865474617e-01
-8.881784197001252323e-16,-2.828427124746189847e+00
2.828427124746189847e+00,-5.656854249492379694e+00
9.192388155425117446e+00,2.121320343559642385e+00
-2.828427124746189847e+00,-4.242640687119284770e+00
4.949747468305831788e+00,-6.363961030678927600e+00
0.000000000000000000e+00,4.242640687119284770e+00
-7.071067811865474617e-01,7.778174593052023411e+00
-4.949747468305831788e+00,4.949747468305831788e+00
-5.656854249492380582e+00,2.828427124746188959e+00
-7.071067811865474617e-01,-7.071067811865474617e-01
-7.071067811865470176e-01,9.192388155425117446e+00
7.071067811865474617e-01,-7.071067811865474617e-01
-7.778174593052021635e+00,3.535533905932736420e+00
-1.332267629550187849e-15,-1.414213562373094035e+00
1.414213562373094923e+00,-5.656854249492379694e+00
2.828427124746189847e+00,0.000000000000000000e+00
2.828427124746189847e+00,-8.881784197001252323e-16
-7.071067811865487940e-01,-2.121320343559641941e+00
2.121320343559642829e+00,7.071067811865474617e-01
-9.192388155425117446e+00,4.949747468305831788e+00
0.000000000000000000e+00,-1.414213562373094923e+00
-6.363961030678926711e+00,1.343502884254439955e+01
-7.778174593052021635e+00,-6.363961030678927600e+00
-7.071067811865474617e-01,-2.121320343559642385e+00
-6.363961030678928488e+00,3.535533905932736864e+00
-4.949747468305831788e+00,2.121320343559642385e+00
-1.767766952966368876e+01,-1.484924240491749892e+01
-7.071067811865474617e-01,2.121320343559642385e+00
-7.071067811865474617e-01,7.071067811865474617e-01
1.060660171779821148e+01,-2.121320343559641497e+00
-3.535533905932737309e+00,4.949747468305831788e+00
-2.828427124746190735e+00,4.242640687119283882e+00
-2.121320343559642385e+00,4.949747468305831788e+00
5.656854249492379694e+00,2.828427124746190735e+00
-5.656854249492379694e+00,1.414213562373095812e+00
7.071067811865474617e-01,2.121320343559642385e+00
2.262741699796952233e+01,-7.071067811865457742e+00
-4.242640687119284770e+00,-2.828427124746189847e+00
-2.121320343559642385e+00,-7.071067811865474617e-01
-2.050609665440988039e+01,-1.060660171779821148e+01
-2.121320343559642385e+00,7.071067811865474617e-01
1.414213562373094923e+00,1.414213562373094923e+00
-1.414213562373094923e+00,-2.828427124746189847e+00
2.121320343559642385e+00,-3.535533905932736420e+00
4.242640687119285658e+00,1.414213562373094035e+00
-7.071067811865474617e+00,-4.242640687119284770e+00
1.626345596729059650e+01,-9.192388155425119223e+00
0.000000000000000000e+00,0.000000000000000000e+00
-1.414213562373095812e+00,-1.414213562373094035e+00
4.949747468305831788e+00,7.071067811865465735e-01
0.000000000000000000e+00,-1.414213562373094923e+00
9.899494936611663576e+00,2.828427124746189847e+00
-1.414213562373094923e+00,5.656854249492379694e+00
4.242640687119284770e+00,-7.071067811865475505e+00
-5.656854249492377917e+00,0.000000000000000000e+00
-7.071067811865484387e+00,1.414213562373092259e+00
2.121320343559642385e+00,4.949747468305831788e+00
-2.121320343559642385e+00,-7.071067811865474617e-01
2.828427124746189847e+00,-1.414213562373094923e+00
7.071067811865474617e-01,-2.121320343559642385e+00
3.676955262170046268e+01,7.071067811865477282e+00
-1.414213562373094923e+00,1.414213562373094923e+00
-1.272792206135785520e+01,1.131370849898475939e+01
9.192388155425117446e+00,-7.778174593052023411e+00
3.535533905932737309e+00,-7.071067811865474617e-01
-6.363961030678927600e+00,7.778174593052022523e+00
0.000000000000000000e+00,0.000000000000000000e+00
0.000000000000000000e+00,-5.656854249492379694e+00
-2.121320343559642385e+00,7.071067811865474617e-01
9.899494936611661799e+00,-1.555634918610404327e+01
-2.121320343559642385e+00,-2.121320343559642385e+00
-9.192388155425115670e+00,2.121320343559640609e+00
-1.414213562373093325e+01,-2.262741699796951167e+01
5.656854249492379694e+00,8.485281374238569541e+00
-2.828427124746189847e+00,-2.828427124746189847e+00
7.071067811865474617e-01,-7.071067811865474617e-01
-4.242640687119283882e+00,-1.414213562373095101e+01
7.071067811865474617e-01,-3.535533905932737309e+00
-7.071067811865474617e-01,7.071067811865474617e-01
-2.121320343559642385e+00,4.949747468305831788e+00
-8.881784197001252323e-16,1.414213562373095812e+00
7.071067811865474617e-01,2.121320343559641941e+00
-1.414213562373094923e+00,-1.414213562373094923e+00
-3.535533905932737309e+00,4.949747468305831788e+00
1.414213562373094923e+00,0.000000000000000000e+00
-1.272792206135785875e+01,-4.242640687119283882e+00
-5.656854249492380582e+00,1.131370849898475939e+01
1.414213562373094923e+00,1.414213562373094923e+00
0.000000000000000000e+00,4.242640687119284770e+00
-3.535533905932737309e+00,2.121320343559642385e+00
-7.071067811865474617e-01,7.071067811865474617e-01
5.656854249492379694e+00,4.242640687119283882e+00
1.414213562373094923e+00,-2.828427124746189847e+00
-2.121320343559642385e+00,7.071067811865474617e-01
-1.838477631085023489e+01,7.071067811865482611e+00
-4.242640687119283882e+00,-4.242640687119285658e+00
0.000000000000000000e+00,-1.414213562373094923e+00
2.828427124746189403e+00,1.272792206135785342e+01
-7.071067811865474617e-01,-6.363961030678925823e+00
4.242640687119284770e+00,1.414213562373095812e+00
1.414213562373095812e+01,-1.414213562373094923e+01
4.949747468305831788e+00,3.535533905932737309e+00
9.192388155425117446e+00,-3.535533905932735532e+00
1.414213562373094923e+00,0.000000000000000000e+00
2.121320343559643273e+00,-4.949747468305831788e+00
-1.414213562373094923e+00,2.828427124746189847e+00
-7.071067811865474617e-01,7.071067811865474617e-01
5.656854249492379694e+00,-1.131370849898476116e+01
4.949747468305828235e+00,-7.778174593052023411e+00
-7.071067811865474617e-01,3.535533905932737309e+00
6.363961030678927600e+00,-7.071067811865474617e-01
-7.071067811865474617e-01,-7.071067811865474617e-01
1.414213562373094923e+00,-2.828427124746189847e+00
-2.121320343559642385e+00,-3.535533905932737309e+00
2.121320343559642385e+00,3.535533905932737309e+00
3.535533905932737309e+00,-2.121320343559642385e+00
2.121320343559641941e+00,-3.535533905932736420e+00
-7.071067811865474617e-01,-7.071067811865474617e-01
-1.414213562373094923e+00,-2.828427124746189847e+00
-7.071067811865474617e-01,7.778174593052023411e+00
-9.192388155425117446e+00,-7.071067811865470176e-01
1.414213562373094923e+00,1.414213562373094923e+00
-3.535533905932737309e+00,-7.071067811865474617e-01
-1.414213562373094923e+00,-2.828427124746189847e+00
0.000000000000000000e+00,1.414213562373094923e+00
7.071067811865474617e-01,-7.071067811865474617e-01
2.828427124746189847e+00,-2.828427124746189847e+00
7.071067811865474617e-01,7.071067811865474617e-01
1.414213562373094923e+00,5.656854249492379694e+00
-7.071067811865474617e-01,-3.535533905932737309e+00
0.000000000000000000e+00,7.071067811865475505e+00
5.656854249492379694e+00,1.414213562373095812e+00
4.949747468305831788e+00,6.363961030678926711e+00
1.414213562373097055e+01,1.110223024625156540e-14
-2.828427124746189403e+00,0.000000000000000000e+00
7.071067811865474617e-01,-1.202081528017130552e+01
7.071067811865474617e-01,-2.121320343559642385e+00
2.121320343559642385e+00,3.535533905932737309e+00
-1.414213562373098476e+00,5.656854249492380582e+00
0.000000000000000000e+00,5.656854249492379694e+00
-2.121320343559643273e+00,3.535533905932737309e+00
4.949747468305831788e+00,-3.535533905932737309e+00
4.242640687119283882e+00,-7.071067811865474617e+00
7.071067811865474617e-01,-7.071067811865474617e-01
4.242640687119284770e+00,4.242640687119284770e+00
-1.555634918610404327e+01,-7.071067811865475505e+00
7.071067811865474617e-01,-7.071067811865474617e-01
-9.192388155425117446e+00,7.071067811865474617e-01
0.000000000000000000e+00,1.414213562373094923e+00
7.071067811865474617e-01,-2.121320343559642385e+00
0.000000000000000000e+00,-2.828427124746189847e+00
2.828427124746188071e+00,-7.071067811865479946e+00
1.414213562373094923e+00,1.414213562373094923e+00
-1.060660171779821326e+01,3.535533905932736420e+00
7.071067811865474617e-01,-4.949747468305832676e+00
2.121320343559641941e+00,-7.071067811865474617e-01
3.535533905932737309e+00,-4.949747468305831788e+00
6.363961030678927600e+00,2.050609665440985196e+01
7.071067811865474617e-01,-7.071067811865474617e-01
3.535533905932747700e+01,1.767766952966372003e+02
2.121320343559642385e+00,-7.071067811865474617e-01
-4.949747468305831788e+00,3.535533905932738197e+00
1.414213562373094923e+00,4.242640687119284770e+00
-2.121320343559642385e+00,-4.949747468305831788e+00
0.000000000000000000e+00,1.414213562373094923e+00
-7.071067811865465735e-01,-7.071067811865474617e-01
0.000000000000000000e+00,0.000000000000000000e+00
-6.646803743153543564e+01,-5.374011537017756979e+01
-9.192388155425115670e+00,3.535533905932737309e+00
-4.242640687119283882e+00,4.242640687119284770e+00
3.535533905932736864e+00,-7.071067811865519026e-01
4.242640687119284770e+00,5.656854249492378806e+00
7.071067811865474617e-01,7.071067811865474617e-01
0.000000000000000000e+00,2.828427124746189847e+00
6.363961030678929376e+00,1.767766952966368166e+01
1.414213562373095101e+01,-4.440892098500626162e-16
3.535533905932737309e+00,-7.071067811865470176e-01
-7.071067811865474617e-01,-7.071067811865474617e-01
9.192388155425103236e+00,-1.767766952966367455e+01
-7.071067811865474617e-01,-7.071067811865474617e-01
2.828427124746190735e+00,4.242640687119283882e+00
2.121320343559642385e+00,2.121320343559642385e+00
7.071067811865474617e-01,-7.071067811865474617e-01
2.828427124746189847e+00,0.000000000000000000e+00
-1.272792206135785520e+01,8.485281374238569541e+00
-6.363961030678927600e+00,4.949747468305831788e+00
-2.757716446627534879e+01,4.949747468305833564e+00
-7.071067811865474617e-01,-7.071067811865474617e-01
-3.535533905932737309e+00,4.949747468305831788e+00
-4.242640687119284770e+00,1.414213562373094923e+00
0.000000000000000000e+00,0.000000000000000000e+00
1.838477631085022779e+01,1.555634918610404505e+01
2.828427124746189847e+00,5.656854249492379694e+00
-7.071067811865465735e-01,4.949747468305831788e+00
-3.535533905932737309e+00,-2.121320343559642385e+00
2.121320343559642385e+00,7.071067811865474617e-01
1.414213562373095812e+00,-1.414213562373094923e+00
-1.414213562373094923e+00,-2.828427124746189847e+00
-6.363961030678925823e+00,-2.121320343559642385e+00
-3.535533905932737309e+00,-2.121320343559641497e+00
4.242640687119284770e+00,1.414213562373094923e+00
3.535533905932736420e+00,-4.949747468305835341e+00
-3.535533905932737309e+00,-2.121320343559642385e+00
4.242640687119284770e+00,-4.242640687119284770e+00
1.343502884254440133e+01,-1.484924240491749536e+01
-2.121320343559642385e+00,-6.363961030678927600e+00
-3.535533905932737309e+00,-7.071067811865474617e-01
1.414213562373094923e+00,1.414213562373094923e+00
-3.535533905932736420e+00,3.535533905932736420e+00
-3.535533905932737309e+00,2.121320343559642385e+00
-9.899494936611665352e+00,1.414213562373094923e+01
-9.192388155425115670e+00,6.363961030678929376e+00
-2.121320343559642385e+00,7.071067811865483499e-01
-3.040559159102152975e+01,4.313351365237932100e+01
-7.071067811865474617e-01,-9.192388155425115670e+00
0.000000000000000000e+00,0.000000000000000000e+00
-7.778174593052021635e+00,-6.363961030678927600e+00
-1.555634918610404682e+01,-7.071067811865473729e+00
-1.414213562373094923e+00,0.000000000000000000e+00
7.071067811865474617e-01,7.071067811865474617e-01
0.000000000000000000e+00,0.000000000000000000e+00
-2.121320343559642385e+00,-4.949747468305831788e+00
7.778174593052033181e+00,2.121320343559643273e+00
7.071067811865474617e-01,2.121320343559642385e+00
4.242640687119283882e+00,-5.656854249492379694e+00
-7.071067811865475505e+00,-1.414213562373095812e+00
2.828427124746189847e+00,-2.828427124746189847e+00
-1.414213562373094923e+00,-2.828427124746189847e+00
-2.121320343559642385e+00,3.535533905932737309e+00
-7.071067811865474617e-01,7.071067811865474617e-01
-7.071067811865470176e-01,7.071067811865474617e-01
-5.656854249492379694e+00,1.838477631085023845e+01
-2.121320343559642385e+00,7.071067811865474617e-01
7.071067811865473729e+00,-1.414213562373094923e+00
-1.414213562373094923e+00,-1.414213562373094923e+00
-3.535533905932737309e+00,7.071067811865474617e-01
9.899494936611661799e+00,-2.828427124746185850e+00
4.242640687119283882e+00,0.000000000000000000e+00
2.121320343559642385e+00,4.949747468305831788e+00
-9.899494936611665352e+00,-1.414213562373094923e+00
-8.881784197001252323e-16,-2.828427124746190735e+00
0.000000000000000000e+00,5.656854249492379694e+00
0.000000000000000000e+00,4.440892098500626162e-16
-2.121320343559642385e+00,-7.071067811865474617e-01
-1.060660171779821503e+01,-3.535533905932736420e+00
-2.687005768508879910e+01,-3.959797974644666141e+01
1.414213562373094479e+00,-2.828427124746189847e+00
-7.071067811865474617e-01,4.949747468305831788e+00
1.202081528017131085e+01,-6.363961030678931152e+00
-4.242640687119284770e+00,-1.414213562373094923e+00
-4.242640687119283882e+00,2.828427124746189847e+00
2.121320343559642385e+00,4.949747468305831788e+00
3.535533905932736420e+00,-7.778174593052023411e+00
5.656854249492378806e+00,1.414213562373093147e+00
3.535533905932737309e+00,2.121320343559642385e+00
-2.121320343559642385e+00,-7.071067811865465735e-01
-1.414213562373096256e+00,-5.656854249492379694e+00
7.778174593052021635e+00,-1.060660171779821148e+01
1.414213562373094923e+00,0.000000000000000000e+00
0.000000000000000000e+00,8.881784197001252323e-16
-7.071067811865474617e-01,3.535533905932737309e+00
2.121320343559642385e+00,-7.071067811865474617e-01
7.071067811865474617e-01,3.535533905932737309e+00
9.899494936611665352e+00,-1.414213562373094923e+00
4.949747468305831788e+00,2.121320343559642385e+00
-2.121320343559642385e+00,-7.778174593052020747e+00
7.071067811865474617e-01,3.535533905932736420e+00
2.121320343559642385e+00,-9.192388155425117446e+00
2.121320343559642385e+00,-7.071067811865474617e-01
1.767766952966368166e+01,-7.778174593052020747e+00
4.242640687119283882e+00,7.071067811865474617e+00
2.121320343559642385e+00,7.071067811865474617e-01
2.121320343559642385e+00,-2.121320343559642385e+00
0.000000000000000000e+00,0.000000000000000000e+00
2.121320343559642385e+00,2.121320343559642385e+00
0.000000000000000000e+00,4.242640687119284770e+00
-7.071067811865474617e-01,-4.949747468305831788e+00
6.363961030678927600e+00,6.363961030678925823e+00
1.414213562373094923e+00,4.242640687119285658e+00
-7.778174593052023411e+00,-2.121320343559641497e+00
4.949747468305831788e+00,-7.071067811865474617e-01
1.909188309203679523e+01,2.474873734152916427e+01
7.071067811865474617e-01,2.121320343559642385e+00
5.656854249492377917e+00,-7.071067811865471953e+00
-7.071067811865474617e-01,-7.071067811865474617e-01
2.121320343559641941e+00,-6.363961030678926711e+00
-3.606244584051393076e+01,-3.464823227814078166e+01
-4.242640687119283882e+00,4.242640687119284770e+00
3.535533905932737309e+00,-7.071067811865474617e-01
4.242640687119284770e+00,4.242640687119284770e+00
1.414213562373094923e+00,-5.656854249492379694e+00
2.828427124746189847e+00,0.000000000000000000e+00
-1.414213562373092703e+00,-2.828427124746187626e+00
-7.071067811865474617e-01,7.071067811865474617e-01
-1.414213562373094923e+00,-2.828427124746189847e+00
-4.525483399593903044e+01,2.828427124746189847e+01
6.363961030678927600e+00,2.121320343559642385e+00
-2.687005768508876358e+01,9.899494936611656470e+00
7.071067811865474617e-01,7.071067811865474617e-01
2.828427124746189847e+00,4.242640687119284770e+00
7.071067811865425767e-01,-9.192388155425117446e+00
-7.071067811865473729e+00,-5.656854249492379694e+00
-4.242640687119283882e+00,0.000000000000000000e+00
-7.778174593052013641e+00,7.071067811865412445e-01
2.828427124746189847e+00,0.000000000000000000e+00
4.242640687119283882e+00,9.899494936611667129e+00
-5.656854249492380582e+00,-2.828427124746189847e+00
1.414213562373094923e+00,-1.414213562373094923e+00
1.414213562373094923e+00,0.000000000000000000e+00
1.414213562373094035e+00,9.899494936611663576e+00
0.000000000000000000e+00,5.656854249492379694e+00
7.071067811865475505e+00,-4.242640687119283882e+00
7.071067811865474617e-01,7.071067811865474617e-01
3.535533905932737309e+00,-7.071067811865474617e-01
-7.071067811865474617e-01,3.535533905932737309e+00
-5.656854249492379694e+00,5.656854249492379694e+00
-2.121320343559643273e+00,2.121320343559641941e+00
7.071067811865473729e+00,8.485281374238569541e+00
2.828427124746189847e+00,2.828427124746189847e+00
-7.778174593052022523e+00,-3.535533905932736420e+00
7.778174593052022523e+00,-2.121320343559642829e+00
3.606244584051392366e+01,-1.484924240491749536e+01
5.656854249492353048e+00,-2.262741699796950101e+01
0.000000000000000000e+00,2.828427124746189847e+00
-8.881784197001252323e-16,-1.555634918610405215e+01
-2.828427124746189847e+00,-2.828427124746189847e+00
-2.828427124746190735e+00,-2.828427124746189847e+00
-1.414213562373094923e+00,2.828427124746189847e+00
1.414213562373094923e+00,-7.071067811865475505e+00
5.868986283848340690e+01,-1.343502884254440133e+01
-7.071067811865474617e-01,-7.071067811865474617e-01
7.071067811865474617e-01,7.071067811865474617e-01
4.949747468305837117e+00,-6.363961030678924047e+00
-1.414213562373094923e+00,-2.828427124746189403e+00
7.071067811865474617e-01,-7.071067811865474617e-01
2.121320343559642385e+00,1.202081528017130729e+01
2.121320343559642385e+00,2.121320343559642385e+00
3.535533905932736420e+00,-7.071067811865474617e-01
-7.778174593052020747e+00,-3.535533905932736864e+00
-1.414213562373094923e+00,2.828427124746189847e+00
7.778174593052021635e+00,7.071067811865452413e-01
1.414213562373094923e+00,1.414213562373094923e+00
-7.071067811865474617e-01,3.535533905932737309e+00
-3.535533905932737309e+00,-7.071067811865474617e-01
1.343502884254440133e+01,6.363961030678927600e+00
-2.121320343559642385e+00,-2.121320343559642385e+00
7.071067811865474617e-01,-3.535533905932737309e+00
-4.949747468305832676e+00,-2.121320343559642385e+00
4.242640687119284770e+00,1.414213562373094923e+00
-7.071067811865474617e-01,-7.778174593052021635e+00
-1.414213562373094923e+00,-1.414213562373094035e+00
-7.071067811865474617e-01,7.071067811865474617e-01
-2.121320343559642385e+00,7.071067811865474617e-01
-4.949747468305831788e+00,7.071067811865474617e-01
-2.121320343559642385e+00,7.071067811865474617e-01
-7.071067811865474617e-01,7.071067811865474617e-01
-2.121320343559642385e+00,2.121320343559642385e+00
1.838477631085024200e+01,3.818376618407356204e+01
2.828427124746188959e+00,-7.071067811865474617e+00
3.535533905932739973e+00,3.535533905932734644e+00
1.414213562373094923e+00,-4.242640687119284770e+00
-7.778174593052023411e+00,-3.535533905932737309e+00
-7.778174593052021635e+00,-7.071067811865465735e-01
-7.071067811865474617e-01,2.121320343559642385e+00
-4.949747468305831788e+00,-9.192388155425117446e+00
-7.071067811865474617e-01,2.121320343559642385e+00
0.000000000000000000e+00,-1.414213562373094923e+00
3.535533905932736420e+00,-7.071067811865474617e-01
7.778174593052021635e+00,7.071067811865474617e-01
3.535533905932737309e+00,-6.363961030678927600e+00
0.000000000000000000e+00,0.000000000000000000e+00
-3.535533905932737309e+00,-2.121320343559642385e+00
2.828427124746189847e+00,4.242640687119284770e+00
-9.899494936611667129e+00,-1.414213562373094035e+00
-1.414213562373094923e+00,-4.242640687119284770e+00
3.535533905932737309e+00,2.121320343559642385e+00
7.071067811865474617e-01,-9.192388155425117446e+00
1.414213562373094035e+00,8.485281374238571317e+00
2.828427124746189847e+00,-2.828427124746189403e+00
-2.121320343559642829e+00,-2.121320343559641497e+00
3.535533905932737309e+00,-7.071067811865474617e-01
-3.535533905932737753e+00,-2.121320343559641053e+00
1.414213562373094923e+00,-1.414213562373094923e+00
1.272792206135785165e+01,-7.071067811865471953e+00
1.414213562373093591e+00,-4.242640687119283882e+00
-1.414213562373095812e+00,9.899494936611663576e+00
1.414213562373094923e+00,0.000000000000000000e+00
1.343502884254440133e+01,2.121320343559641941e+00
2.828427124746190735e+00,8.485281374238571317e+00
-2.121320343559642385e+00,-4.949747468305831788e+00
5.656854249492380582e+00,-1.131370849898476116e+01
1.202081528017131085e+01,-1.060660171779820971e+01
-1.414213562373094923e+00,0.000000000000000000e+00
0.000000000000000000e+00,0.000000000000000000e+00
-5.656854249492379694e+00,2.828427124746188515e+00
-7.071067811865474617e-01,7.071067811865474617e-01
7.071067811865474617e-01,3.535533905932736420e+00
-8.881784197001252323e-16,-9.899494936611665352e+00
-4.242640687119285658e+00,2.828427124746189847e+00
2.050609665440987328e+01,-6.363961030678927600e+00
-1.414213562373094923e+00,5.656854249492377917e+00
3.535533905932737309e+00,1.060660171779821148e+01
-1.414213562373094923e+00,1.414213562373094923e+00
5.939696961966996014e+01,1.414213562373094568e+01
-8.485281374238569541e+00,4.242640687119284770e+00
1.414213562373094923e+00,1.414213562373094923e+00
-2.828427124746189847e+00,1.414213562373094923e+00
7.071067811865474617e-01,7.071067811865474617e-01
-1.414213562373094923e+00,0.000000000000000000e+00
1.414213562373094923e+00,7.071067811865473729e+00
-1.414213562373094479e+00,5.656854249492379694e+00
7.071067811865474617e-01,-7.071067811865474617e-01
-2.828427124746189847e+00,2.828427124746189847e+00
7.071067811865474617e-01,7.071067811865474617e-01
0.000000000000000000e+00,0.000000000000000000e+00
0.000000000000000000e+00,2.828427124746189847e+00
-1.060660171779820615e+01,1.343502884254440310e+01
0.000000000000000000e+00,0.000000000000000000e+00
1.414213562373094923e+00,1.414213562373094923e+00
0.000000000000000000e+00,-1.414213562373094923e+00
7.071067811865473729e+00,1.414213562373094923e+00
3.535533905932737309e+00,-7.071067811865474617e-01
2.121320343559642385e+00,-2.121320343559642385e+00
1.414213562373094923e+00,-2.828427124746189847e+00
-1.060660171779821148e+01,-2.121320343559642385e+00
7.071067811865475505e+00,0.000000000000000000e+00
-1.414213562373094923e+00,-8.485281374238569541e+00
7.071067811865474617e-01,6.363961030678927600e+00
0.000000000000000000e+00,8.485281374238569541e+00
3.535533905932737309e+00,-2.121320343559642385e+00
-4.242640687119283882e+00,1.414213562373094923e+00
-1.767766952966367455e+01,-3.181980515339462556e+01
-7.071067811865474617e-01,7.071067811865474617e-01
-7.071067811865474617e-01,-7.071067811865474617e-01
1.414213562373094923e+00,2.828427124746189847e+00
7.071067811865474617e-01,-3.535533905932737753e+00
2.828427124746189847e+00,0.000000000000000000e+00
0.000000000000000000e+00,0.000000000000000000e+00
7.778174593052021635e+00,-6.363961030678926711e+00
0.000000000000000000e+00,0.000000000000000000e+00
-1.414213562373094923e+00,0.000000000000000000e+00
3.535533905932737309e+00,6.363961030678925823e+00
2.828427124746192511e+00,-1.131370849898476294e+01
2.121320343559642385e+00,-4.949747468305831788e+00
4.242640687119284770e+00,5.656854249492379694e+00
8.485281374238574870e+00,3.108624468950438313e-15
5.656854249492379694e+00,8.485281374238569541e+00
-4.242640687119282106e+00,-2.121320343559641586e+01
-9.899494936611663576e+00,1.414213562373094923e+00
1.414213562373094923e+00,-4.242640687119284770e+00
-2.828427124746189847e+00,2.828427124746189847e+00
7.071067811865474617e-01,7.071067811865474617e-01
2.828427124746189847e+00,1.414213562373094923e+00
-3.535533905932739529e+00,3.535533905932734200e+00
7.071067811865474617e-01,-7.071067811865474617e-01
7.071067811865474617e-01,-7.071067811865474617e-01
-1.272792206135785698e+01,4.440892098500626162e-16
-7.778174593052020747e+00,-1.060660171779820971e+01
1.414213562373095368e+00,9.899494936611663576e+00
-3.535533905932737309e+00,-6.363961030678925823e+00
-2.828427124746189403e+00,-4.242640687119285658e+00
7.778174593052025187e+00,7.778174593052025187e+00
-2.828427124746189847e+00,5.656854249492379694e+00
4.949747468305831788e+00,4.949747468305831788e+00
-2.121320343559642385e+00,-7.071067811865474617e-01
7.071067811865474617e-01,2.121320343559642385e+00
1.272792206135785165e+01,4.666904755831214402e+01
-7.071067811865474617e-01,-7.071067811865474617e-01
-5.656854249492381470e+00,2.121320343559642652e+01
2.121320343559642385e+00,4.949747468305831788e+00
4.949747468305830012e+00,-7.778174593052022523e+00
2.121320343559642829e+00,4.949747468305831788e+00
-2.828427124746189847e+00,2.828427124746188959e+00
2.828427124746189847e+00,-5.656854249492379694e+00
7.071067811865474617e-01,2.121320343559642385e+00
-7.071067811865474617e-01,-2.121320343559642385e+00
1.414213562373094923e+00,0.000000000000000000e+00
-4.242640687119284770e+00,4.242640687119283882e+00
4.242640687119285658e+00,8.485281374238569541e+00
1.202081528017130729e+01,2.121320343559642385e+00
7.071067811865474617e-01,-4.949747468305831788e+00
4.949747468305831788e+00,2.121320343559642385e+00
0.000000000000000000e+00,1.131370849898475939e+01
-8.485281374238569541e+00,1.414213562373094923e+00
8.485281374238569541e+00,4.242640687119283882e+00
2.687005768508880976e+01,-4.525483399593903755e+01
0.000000000000000000e+00,5.656854249492379694e+00
-6.363961030678926711e+00,1.202081528017130552e+01
-9.899494936611665352e+00,1.414213562373094923e+00
3.535533905932737309e+00,6.363961030678927600e+00
-1.414213562373094923e+00,2.828427124746189847e+00
-2.121320343559642385e+00,-7.071067811865474617e-01
-7.071067811865474617e-01,-7.071067811865474617e-01
-2.828427124746189847e+00,4.242640687119284770e+00
7.071067811865474617e-01,-7.071067811865474617e-01
-1.414213562373095812e+00,7.071067811865474617e+00
2.828427124746189847e+00,-8.881784197001252323e-16
-2.121320343559642385e+00,3.535533905932737309e+00
7.071067811865474617e-01,-7.071067811865474617e-01
0.000000000000000000e+00,5.656854249492379694e+00
-7.778174593052022523e+00,-7.071067811865479058e-01
-1.131370849898475761e+01,7.071067811865475505e+00
-7.071067811865474617e-01,-4.949747468305831788e+00
-5.656854249492381470e+00,-1.414213562373095368e+00
9.192388155425113894e+00,6.363961030678927600e+00
2.121320343559606858e+00,-3.535533905932733312e+00
-1.414213562373095812e+00,-1.979898987322332715e+01
7.071067811865474617e-01,2.121320343559642385e+00
4.242640687119283882e+00,1.414213562373094035e+00
0.000000000000000000e+00,-1.414213562373094923e+00
-1.414213562373094923e+00,0.000000000000000000e+00
2.333452377915605425e+01,1.760695885154502491e+02
1.414213562373094035e+00,1.555634918610404505e+01
-1.202081528017130729e+01,1.060660171779821326e+01
-7.778174593052022523e+00,-7.071067811865474617e-01
1.979898987322309267e+01,-1.173797256769670270e+02
1.272792206135785698e+01,-7.071067811865473729e+00
0.000000000000000000e+00,0.000000000000000000e+00
-7.071067811865474617e-01,7.071067811865470176e-01
7.071067811865474617e-01,-2.121320343559642385e+00
7.071067811865474617e-01,7.071067811865474617e-01
-3.535533905932737309e+00,7.071067811865474617e-01
1.414213562373094923e+00,-1.414213562373094923e+00
-2.828427124746189847e+00,-7.071067811865473729e+00
-7.071067811865474617e-01,-7.071067811865474617e-01
-9.192388155425117446e+00,-4.949747468305831788e+00
9.192388155425115670e+00,7.071067811865474617e-01
-4.949747468305831788e+00,7.071067811865474617e-01
7.071067811865474617e-01,-2.121320343559642385e+00
4.242640687119284770e+00,8.485281374238569541e+00
1.131370849898476294e+01,2.828427124746189847e+00
0.000000000000000000e+00,2.828427124746189847e+00
-3.535533905932737309e+00,-6.363961030678927600e+00
7.071067811865474617e-01,-2.121320343559642385e+00
-1.131370849898475406e+01,-5.656854249492377917e+00
5.656854249492379694e+00,-5.656854249492379694e+00
-3.535533905932737309e+00,3.535533905932737309e+00
7.071067811865473729e+00,-1.414213562373095812e+00
7.071067811865474617e-01,-3.535533905932736864e+00
7.071067811865474617e-01,-7.071067811865474617e-01
3.535533905932737309e+00,-7.071067811865474617e-01
4.949747468305830012e+00,-2.121320343559641497e+00
-4.440892098500626162e-16,-7.071067811865475505e+00
3.535533905932735532e+00,1.484924240491749714e+01
2.828427124746189847e+00,-2.828427124746190735e+00
-4.949747468305831788e+00,-7.071067811865474617e-01
7.071067811865474617e-01,-7.071067811865474617e-01
-7.071067811865474617e-01,7.071067811865474617e-01
-7.071067811865474617e-01,-4.949747468305831788e+00
9.899494936611667129e+00,-8.485281374238567764e+00
-7.071067811865474617e-01,7.071067811865474617e-01
-2.121320343559641053e+00,2.121320343559642385e+00
4.949747468305832676e+00,2.121320343559645494e+00
7.071067811865474617e-01,-3.535533905932737309e+00
-2.828427124746189847e+00,-1.414213562373094923e+00
-6.363961030678925823e+00,-1.626345596729058940e+01
-1.697056274847712842e+01,-2.404163056034260748e+01
-2.121320343559642385e+00,7.778174593052023411e+00
-3.535533905932738197e+00,-1.060660171779821326e+01
1.414213562373094923e+00,0.000000000000000000e+00
0.000000000000000000e+00,-1.414213562373094923e+00
2.121320343559642385e+00,3.535533905932736420e+00
1.131370849898476116e+01,4.242640687119285658e+00
-7.071067811865474617e-01,7.071067811865474617e-01
1.060660171779822392e+01,3.747665940288699460e+01
-2.333452377915606846e+01,2.121320343559641053e+00
4.242640687119284770e+00,-1.131370849898475939e+01
7.071067811865474617e-01,-7.071067811865474617e-01
1.979898987322333426e+01,-7.071067811865468400e+00
0.000000000000000000e+00,0.000000000000000000e+00
1.414213562373094923e+00,1.414213562373094923e+00
3.535533905932737309e+00,2.121320343559642385e+00
1.343502884254440133e+01,-6.363961030678927600e+00
-1.414213562373094923e+00,0.000000000000000000e+00
-2.121320343559641497e+00,9.192388155425117446e+00
3.535533905932737309e+00,2.121320343559641941e+00
-4.949747468305831788e+00,-2.121320343559642385e+00
7.778174593052024299e+00,6.363961030678925823e+00
7.071067811865474617e-01,-7.071067811865474617e-01
-1.414213562373094923e+00,0.000000000000000000e+00
5.656854249492379694e+00,2.828427124746189847e+00
4.242640687119283882e+00,8.485281374238573093e+00
-6.363961030678925823e+00,2.121320343559642385e+00
3.535533905932737309e+00,3.535533905932737309e+00
2.121320343559642385e+00,-4.949747468305831788e+00
-6.363961030678936481e+00,-3.535533905932734644e+00
0.000000000000000000e+00,0.000000000000000000e+00
7.778174593052021635e+00,2.121320343559643273e+00
2.828427124746189847e+00,-2.828427124746188959e+00
-4.949747468305830012e+00,-1.909188309203678813e+01
7.071067811865474617e-01,-3.535533905932736420e+00
5.656854249492378806e+00,-1.414213562373094923e+00
3.535533905932738197e+00,3.535533905932737309e+00
-1.414213562373095368e+00,-4.242640687119284770e+00
-2.828427124746189847e+00,-4.242640687119284770e+00
9.192388155425115670e+00,-1.343502884254439955e+01
2.121320343559642385e+00,7.778174593052021635e+00
-4.242640687119284770e+00,-2.828427124746189847e+00
-4.242640687119283882e+00,-7.071067811865473729e+00
0.000000000000000000e+00,-1.414213562373094923e+00
7.071067811865483499e-01,-2.121320343559641497e+00
7.071067811865474617e-01,7.071067811865474617e-01
-2.121320343559642385e+00,6.363961030678927600e+00
4.949747468305831788e+00,3.535533905932736864e+00
1.414213562373094923e+00,0.000000000000000000e+00
3.535533905932736420e+00,4.949747468305831788e+00
7.071067811865474617e-01,-7.071067811865474617e-01
1.202081528017130552e+01,3.535533905932738641e+00
-2.121320343559642385e+00,-7.071067811865474617e-01
2.121320343559642385e+00,7.071067811865474617e-01
-2.121320343559642385e+00,2.121320343559642385e+00
-4.949747468305831788e+00,1.909188309203677747e+01
-1.414213562373094923e+00,0.000000000000000000e+00
7.071067811865474617e-01,-7.071067811865474617e-01
7.071067811865476394e+00,-8.485281374238569541e+00
2.828427124746189847e+00,1.414213562373094923e+00
0.000000000000000000e+00,1.414213562373094923e+00
6.363961030678927600e+00,7.071067811865474617e-01
2.828427124746189847e+00,2.828427124746189847e+00
-4.242640687119284770e+00,-1.414213562373094923e+00
-2.828427124746189847e+00,-4.242640687119283882e+00
-7.071067811865474617e-01,-7.071067811865474617e-01
-4.242640687119284770e+00,-4.242640687119284770e+00
1.838477631085023489e+01,5.656854249492378806e+00
3.535533905932737753e+00,-3.535533905932737309e+00
5.656854249492380582e+00,0.000000000000000000e+00
-7.071067811865474617e-01,-2.121320343559642385e+00
4.242640687119120457e+00,-5.374011537017755558e+01
1.414213562373094923e+00,1.414213562373094923e+00
-8.485281374238569541e+00,4.242640687119284770e+00
9.192388155425117446e+00,4.949747468305831788e+00
1.202081528017130552e+01,-4.949747468305834452e+00
1.414213562373094923e+00,0.000000000000000000e+00
8.485281374238569541e+00,-4.242640687119284770e+00
-6.363961030678927600e+00,-2.121320343559637500e+00
0.000000000000000000e+00,0.000000000000000000e+00
-1.414213562373094923e+00,-2.828427124746189847e+00
4.949747468305831788e+00,9.192388155425117446e+00
1.414213562373094923e+00,0.000000000000000000e+00
1.343502884254440133e+01,-3.535533905932737309e+00
-7.071067811865474617e-01,7.071067811865474617e-01
-1.414213562373094923e+00,1.414213562373094923e+00
-4.242640687119282106e+00,1.414213562373094479e+00
7.071067811865479058e-01,-7.778174593052025187e+00
0.000000000000000000e+00,-2.828427124746189847e+00
5.656854249492379694e+00,0.000000000000000000e+00
7.071067811865474617e-01,7.071067811865474617e-01
-1.414213562373094923e+00,-1.414213562373094923e+00
3.535533905932736420e+00,-3.535533905932737309e+00
4.242640687119284770e+00,2.828427124746189847e+00
-2.828427124746189847e+00,-1.414213562373094923e+00
-4.949747468305831788e+00,3.535533905932737309e+00
2.828427124746190202e+01,1.838477631085020647e+01
-3.535533905932737309e+00,-2.121320343559642385e+00
2.121320343559642385e+00,2.121320343559642385e+00
-7.071067811865474617e-01,2.121320343559642385e+00
3.959797974644666141e+01,1.697056274847714263e+01
1.414213562373095368e+00,1.414213562373094479e+00
1.697056274847713553e+01,3.535533905932735621e+01
7.071067811865474617e-01,-2.121320343559642385e+00
-1.414213562373094923e+00,4.242640687119284770e+00
7.778174593052021635e+00,-1.484924240491749359e+01
7.071067811865474617e-01,-7.071067811865474617e-01
2.121320343559642385e+00,-7.071067811865474617e-01
0.000000000000000000e+00,1.414213562373094923e+00
3.535533905932737309e+00,-7.071067811865465735e-01
-4.242640687119287435e+00,-1.414213562373094035e+00
-5.656854249492379694e+00,-1.555634918610404860e+01
5.656854249492379694e+00,-2.828427124746189847e+00
1.414213562373095368e+00,2.828427124746190291e+00
4.242640687119282106e+00,4.242640687119283882e+00
-1.202081528017130729e+01,1.060660171779821148e+01
1.414213562373094923e+00,-1.414213562373094923e+00
-2.828427124746189847e+00,1.414213562373094923e+00
2.121320343559642385e+00,3.535533905932737753e+00
4.949747468305831788e+00,6.363961030678927600e+00
1.414213562373094923e+00,4.242640687119285658e+00
-7.071067811865474617e-01,2.121320343559642385e+00
-7.778174593052022523e+00,1.202081528017130907e+01
-7.071067811865474617e-01,-7.071067811865474617e-01
9.192388155425117446e+00,-7.071067811865474617e-01
-1.060660171779821503e+01,1.626345596729059650e+01
-9.899494936611663576e+00,0.000000000000000000e+00
-4.242640687119284770e+00,4.242640687119284770e+00
0.000000000000000000e+00,-4.242640687119283882e+00
-4.949747468305831788e+00,1.484924240491749359e+01
-2.121320343559638832e+00,-1.909188309203678102e+01
2.828427124746189847e+00,1.414213562373094923e+00
-2.121320343559641497e+00,-7.071067811865474617e-01
-3.535533905932737309e+00,-2.121320343559642385e+00
1.414213562373094923e+00,-2.828427124746189847e+00
-7.071067811865474617e-01,-4.949747468305831788e+00
-7.071067811865479058e-01,-1.060660171779820971e+01
0.000000000000000000e+00,1.414213562373094923e+00
-1.131370849898475939e+01,-8.485281374238574870e+00
4.949747468305831788e+00,-3.535533905932737309e+00
-1.414213562373094923e+00,0.000000000000000000e+00
-2.121320343559642385e+00,-9.192388155425119223e+00
7.071067811865474617e-01,7.071067811865474617e-01
-2.828427124746189847e+00,-1.414213562373094923e+00
-4.101219330881973235e+01,5.656854249492380582e+00
-7.071067811865474617e-01,7.071067811865474617e-01
2.828427124746189847e+00,-7.071067811865475505e+00
3.252691193458117880e+01,-1.414213562373096256e+00
4.242640687119283882e+00,0.000000000000000000e+00
3.535533905932737309e+00,2.121320343559642385e+00
2.121320343559642385e+00,-2.121320343559642385e+00
-1.060660171779821503e+01,3.889087296526008686e+01
8.485281374238567764e+00,-1.131370849898476294e+01
3.535533905932737309e+00,7.071067811865474617e-01
2.121320343559642385e+00,7.071067811865474617e-01
-6.363961030678927600e+00,1.060660171779821148e+01
-3.535533905932737309e+00,-2.121320343559642385e+00
-1.414213562373094923e+00,-1.414213562373094923e+00
7.071067811865474617e-01,-2.121320343559642385e+00
-4.242640687119284770e+00,-4.242640687119283882e+00
3.535533905932737309e+00,7.071067811865474617e-01
1.414213562373094923e+00,1.414213562373094923e+00
-5.656854249492379694e+00,-7.071067811865474617e+00
2.121320343559642385e+00,-3.535533905932737309e+00
1.131370849898476116e+01,2.828427124746189847e+00
-4.242640687119284770e+00,1.414213562373094923e+00
9.192388155425117446e+00,-4.949747468305831788e+00
-4.242640687119284770e+00,1.414213562373094923e+00
-9.192388155425115670e+00,9.192388155425115670e+00
-2.121320343559642385e+00,7.071067811865474617e-01
7.071067811865475505e+00,5.656854249492379694e+00
2.121320343559642385e+00,7.071067811865474617e-01
-4.949747468305831788e+00,-1.484924240491749892e+01
4.242640687119284770e+00,0.000000000000000000e+00
-1.414213562373094923e+00,0.000000000000000000e+00
-2.121320343559641941e+00,-6.363961030678927600e+00
3.535533905932737309e+00,-7.071067811865474617e-01
-1.979898987322332715e+01,1.131370849898475583e+01
-2.121320343559642385e+00,2.121320343559642385e+00
3.535533905932737309e+00,-7.071067811865474617e-01
6.363961030678926711e+00,-6.363961030678924935e+00
-4.949747468305831788e+00,-7.071067811865474617e-01
-4.949747468305870868e+00,7.071067811865630048e-01
4.949747468305831788e+00,2.121320343559642385e+00
-1.060660171779821148e+01,-6.363961030678925823e+00
-2.121320343559642385e+00,7.071067811865474617e-01
-7.071067811865474617e-01,-3.535533905932737309e+00
2.121320343559642385e+00,7.071067811865474617e-01
2.121320343559642385e+00,2.121320343559642385e+00
2.121320343559642385e+00,3.535533905932737309e+00
-3.535533905932737309e+00,-3.535533905932737309e+00
-2.121320343559642385e+00,7.071067811865474617e-01
1.767766952966368876e+01,-9.192388155425117446e+00
7.778174593052023411e+00,-9.192388155425113894e+00
1.555634918610404327e+01,1.414213562373095812e+00
-4.949747468305831788e+00,-4.949747468305833564e+00
-7.778174593052019858e+00,-3.535533905932738197e+00
-7.778174593052021635e+00,7.071067811865483499e-01
-7.071067811865474617e-01,2.121320343559642385e+00
-7.071067811865474617e-01,-7.071067811865474617e-01
1.697056274847714263e+01,-8.485281374238569541e+00
-4.242640687119284770e+00,4.242640687119284770e+00
1.272792206135785875e+01,-5.656854249492377917e+00
-5.656854249492379694e+00,5.656854249492379694e+00
2.121320343559642385e+00,3.535533905932737309e+00
1.414213562373094923e+00,2.828427124746189847e+00
-5.656854249492379694e+00,-1.414213562373094923e+00
-5.656854249492379694e+00,1.414213562373094923e+00
2.828427124746189847e+00,-1.414213562373094923e+00
8.485281374238569541e+00,-4.242640687119284770e+00
2.121320343559642385e+00,-7.071067811865474617e-01
-2.121320343559642385e+00,-4.949747468305831788e+00
-3.535533905932737309e+00,4.949747468305833564e+00
1.414213562373094923e+00,-1.414213562373094923e+00
-1.202081528017130907e+01,6.363961030678927600e+00
1.414213562373094479e+00,4.242640687119283882e+00
0.000000000000000000e+00,1.414213562373094923e+00
-7.071067811865474617e-01,7.071067811865474617e-01
-3.535533905932736864e+00,7.071067811865465735e-01
-2.616295090390226008e+01,-3.747665940288701591e+01
1.414213562373094479e+00,-4.242640687119283882e+00
-2.121320343559642385e+00,2.121320343559642385e+00
0.000000000000000000e+00,8.485281374238567764e+00
2.121320343559642385e+00,3.535533905932737309e+00
3.535533905932737309e+00,7.071067811865474617e-01
7.071067811865473729e+00,-1.414213562373094923e+00
7.071067811865474617e-01,-2.121320343559642385e+00
3.535533905932737309e+00,2.121320343559642385e+00
-4.242640687119283882e+00,-8.485281374238571317e+00
4.242640687119287435e+00,2.121320343559642296e+01
7.071067811865471064e+00,8.485281374238571317e+00
4.949747468305831788e+00,-3.535533905932733756e+00
2.545584412271569974e+01,-7.071067811865487940e+00
2.828427124746189847e+00,4.242640687119283882e+00
-2.121320343559642652e+01,-2.828427124746194288e+00
-5.656854249492379694e+00,-5.656854249492379694e+00
1.484924240491750069e+01,4.949747468305826459e+00
-7.071067811865474617e-01,7.071067811865474617e-01
8.485281374238569541e+00,-7.071067811865474617e+00
1.414213562373094923e+00,-1.414213562373094923e+00
2.828427124746190735e+00,2.828427124746188959e+00
4.596194077712556947e+01,9.192388155425120999e+00
-1.414213562373095368e+00,-4.242640687119283882e+00
-3.535533905932739085e+00,-3.535533905932739973e+00
2.121320343559641941e+00,-2.121320343559641053e+00
2.828427124746188959e+00,8.485281374238573093e+00
-2.121320343559642829e+00,-7.071067811865474617e-01
2.121320343559642385e+00,-4.949747468305831788e+00
0.000000000000000000e+00,-2.828427124746189847e+00
-6.363961030678931152e+00,6.363961030678925823e+00
-9.192388155425122775e+00,1.343502884254440133e+01
-1.414213562373093591e+00,2.121320343559641941e+01
7.071067811865474617e-01,1.626345596729059295e+01
-1.484924240491750425e+01,-1.060660171779821148e+01
-1.555634918610404327e+01,-8.485281374238565988e+00
1.414213562373094035e+00,-2.828427124746190735e+00
-4.242640687119284770e+00,9.899494936611663576e+00
2.828427124746189847e+00,5.656854249492379694e+00
-7.071067811865479058e-01,2.121320343559641497e+00
5.656854249492377029e+00,4.384062043356594529e+01
0.000000000000000000e+00,4.242640687119284770e+00
-3.535533905932736420e+00,1.484924240491749714e+01
-8.881784197001252323e-16,2.828427124746189847e+00
2.121320343559643007e+01,-1.838477631085022423e+01
5.656854249492379694e+00,1.414213562373094923e+00
3.535533905932736864e+00,-4.949747468305832676e+00
-5.656854249492379694e+00,4.242640687119284770e+00
0.000000000000000000e+00,0.000000000000000000e+00
-1.131370849898476116e+01,1.979898987322332005e+01
-1.414213562373094568e+01,-2.828427124746210275e+00
-7.071067811865474617e-01,2.121320343559642385e+00
2.828427124746189847e+00,-1.131370849898475939e+01
-1.414213562373094035e+00,-2.828427124746189847e+00
2.828427124746189847e+00,-8.881784197001252323e-16
-2.121320343559641497e+00,7.071067811865474617e-01
4.949747468305831788e+00,9.192388155425117446e+00
-7.071067811865483499e-01,1.202081528017130374e+01
1.414213562373094923e+00,-4.242640687119283882e+00
0.000000000000000000e+00,0.000000000000000000e+00
-7.071067811865474617e-01,-7.071067811865474617e-01
-7.071067811865473729e+00,-2.404163056034261814e+01
5.939696961966998145e+01,2.828427124746176968e+00
1.414213562373094923e+00,1.414213562373094923e+00
7.071067811865474617e-01,7.071067811865474617e-01
-2.828427124746189847e+00,-1.414213562373094923e+00
3.535533905932736864e+00,-2.121320343559642385e+00
0.000000000000000000e+00,-9.899494936611663576e+00
-7.778174593052023411e+00,-2.121320343559642385e+00
-3.535533905932736864e+00,-3.535533905932732868e+00
-7.071067811865474617e-01,2.121320343559642385e+00
-3.535533905932736864e+00,-1.767766952966365324e+01
5.656854249492379694e+00,-5.656854249492381470e+00
-2.828427124746190291e+00,-1.414213562373094923e+00
7.071067811865474617e-01,2.121320343559642385e+00
4.949747468305830900e+00,4.949747468305830900e+00
-8.485281374238569541e+00,8.485281374238571317e+00
-4.242640687119283882e+00,-4.242640687119282106e+00
-1.909188309203679879e+01,-1.626345596729058229e+01
1.414213562373094923e+00,1.414213562373094923e+00
-2.828427124746188515e+00,1.838477631085024555e+01
-2.121320343559641941e+01,2.828427124746193044e+01
0.000000000000000000e+00,0.000000000000000000e+00
-6.363961030678931152e+00,3.535533905932736864e+00
7.071067811865474617e-01,7.071067811865474617e-01
-7.071067811865474617e+00,1.414213562373094923e+00
5.656854249492379694e+00,1.414213562373094923e+00
4.242640687119284770e+00,4.242640687119283882e+00
-7.071067811865474617e-01,-7.071067811865474617e-01
0.000000000000000000e+00,0.000000000000000000e+00
-7.071067811865474617e-01,7.071067811865474617e-01
-3.535533905932737309e+00,7.071067811865474617e-01
-6.363961030678928488e+00,9.192388155425117446e+00
0.000000000000000000e+00,0.000000000000000000e+00
-7.071067811865474617e+00,8.485281374238567764e+00
4.949747468305837117e+00,-1.343502884254441376e+01
2.828427124746189847e+00,-2.828427124746189847e+00
1.979898987322332715e+01,2.828427124746189847e+00
2.262741699796950456e+01,-4.242640687119275000e+00
2.121320343559642385e+00,7.071067811865474617e-01
-3.535533905932737309e+00,-2.121320343559642385e+00
2.121320343559642385e+00,3.535533905932736420e+00
-4.242640687119284770e+00,9.899494936611665352e+00
1.060660171779820971e+01,3.535533905932737309e+00
1.414213562373094923e+00,0.000000000000000000e+00
5.656854249492379694e+00,-1.414213562373094035e+00
4.242640687119283882e+00,-2.828427124746190735e+00
-3.535533905932737309e+00,-2.121320343559642385e+00
8.485281374238569541e+00,-1.414213562373099364e+00
1.414213562373094479e+00,-8.485281374238569541e+00
1.414213562373094923e+00,0.000000000000000000e+00
-7.071067811865474617e-01,7.071067811865474617e-01
-1.414213562373094923e+00,-1.414213562373094923e+00
-1.414213562373096256e+00,1.414213562373095368e+00
7.071067811865474617e-01,-7.071067811865474617e-01
-4.949747468305831788e+00,7.071067811865474617e-01
3.535533905932737309e+00,-2.121320343559642385e+00
4.242640687119284770e+00,-2.828427124746189847e+00
-3.535533905932737309e+00,3.535533905932737309e+00
-7.071067811865474617e-01,4.949747468305831788e+00
7.071067811865477282e+00,4.242640687119283882e+00
-7.071067811865492381e-01,7.778174593052022523e+00
3.535533905932736420e+00,7.778174593052022523e+00
7.071067811865474617e-01,7.071067811865474617e-01
2.121320343559642385e+00,-7.071067811865474617e-01
7.071067811865474617e-01,2.121320343559642385e+00
-1.202081528017131085e+01,-7.071067811865461294e-01
0.000000000000000000e+00,1.414213562373094923e+00
-4.949747468305831788e+00,2.121320343559642385e+00
1.414213562373094923e+00,-1.414213562373094923e+00
4.949747468305831788e+00,-7.071067811865474617e-01
-7.778174593052021635e+00,-2.121320343559642385e+00
0.000000000000000000e+00,2.828427124746189847e+00
7.071067811865473729e+00,-2.828427124746189847e+00
-7.071067811865474617e-01,2.121320343559642385e+00
7.071067811865474617e-01,7.071067811865474617e-01
-2.121320343559642385e+00,2.121320343559642385e+00
2.828427124746189847e+00,2.828427124746189847e+00
-5.656854249492379694e+00,4.242640687119284770e+00
1.272792206135785875e+01,-7.071067811865479058e+00
0.000000000000000000e+00,1.414213562373094923e+00
7.071067811865470176e-01,-1.060660171779821326e+01
2.121320343559642385e+00,-7.071067811865474617e-01
1.414213562373094923e+00,0.000000000000000000e+00
7.071067811865474617e-01,7.071067811865474617e-01
7.778174593052022523e+00,6.363961030678926711e+00
-2.121320343559642385e+00,-3.535533905932736864e+00
5.656854249492380582e+00,-4.242640687119284770e+00
-2.121320343559642385e+00,7.071067811865474617e-01
3.535533905932737309e+00,-6.363961030678927600e+00
3.535533905932737309e+00,7.071067811865474617e-01
2.121320343559642385e+00,2.121320343559642385e+00
3.535533905932736420e+00,-1.909188309203677747e+01
1.414213562373094923e+00,-8.485281374238571317e+00
-1.343502884254440133e+01,1.626345596729058940e+01
1.060660171779822214e+01,1.626345596729057874e+01
7.071067811865474617e-01,2.121320343559642385e+00
-1.414213562373093858e+01,-1.131370849898475370e+02
-7.071067811865474617e-01,2.121320343559642385e+00
7.778174593052021635e+00,1.343502884254440133e+01
-7.071067811865474617e-01,2.121320343559641497e+00
-7.071067811865474617e+00,-2.828427124746189847e+00
1.414213562373094923e+00,-2.828427124746189847e+00
3.535533905932737309e+00,-3.535533905932737309e+00
5.656854249492379694e+00,1.414213562373094923e+00
7.071067811865474617e-01,-7.071067811865474617e-01
2.121320343559642385e+00,-3.535533905932737309e+00
0.000000000000000000e+00,0.000000000000000000e+00
6.363961030678927600e+00,-2.121320343559642385e+00
5.656854249492379694e+00,-4.242640687119283882e+00
-1.414213562373094923e+00,1.414213562373094923e+00
-2.121320343559642385e+00,2.121320343559642385e+00
0.000000000000000000e+00,0.000000000000000000e+00
-7.071067811865474617e-01,2.121320343559642385e+00
-7.071067811865474617e-01,-7.071067811865474617e-01
1.414213562373094923e+00,-4.242640687119284770e+00
7.071067811865474617e-01,7.071067811865474617e-01
3.535533905932737309e+00,-2.121320343559642385e+00
-1.343502884254440133e+01,1.484924240491749359e+01
2.828427124746189847e+00,-1.776356839400250465e-15
-9.192388155425117446e+00,4.949747468305831788e+00
2.828427124746189847e+00,-1.414213562373094923e+00
3.535533905932738641e+00,6.363961030678927600e+00
7.071067811865465735e-01,9.192388155425117446e+00
-1.414213562373095812e+00,4.242640687119285658e+00
-4.242640687119284770e+00,0.000000000000000000e+00
-7.071067811865474617e-01,2.121320343559642385e+00
8.485281374238567764e+00,1.555634918610404505e+01
-4.242640687119285658e+00,1.272792206135785875e+01
7.071067811865465735e-01,-7.071067811865479058e-01
2.121320343559642385e+00,2.121320343559642385e+00
-8.881784197001252323e-16,1.414213562373094035e+00
1.414213562373098920e+00,-1.979898987322333426e+01
-1.414213562373094923e+00,1.414213562373094923e+00
3.535533905932736420e+00,-2.121320343559642385e+00
-7.071067811865477282e+00,-5.656854249492383246e+00
-7.071067811865474617e-01,-7.071067811865474617e-01
-7.071067811865474617e-01,2.121320343559642385e+00
0.000000000000000000e+00,-2.828427124746189403e+00
-3.535533905932737753e+00,-1.202081528017130552e+01
7.071067811865474617e-01,2.121320343559642385e+00
7.071067811865474617e-01,-7.071067811865474617e-01
7.071067811865474617e-01,-2.121320343559642385e+00
-4.242640687119283882e+00,-4.242640687119283882e+00
7.071067811865474617e-01,6.363961030678927600e+00
7.071067811865473729e+00,0.000000000000000000e+00
6.363961030678927600e+00,-3.535533905932736420e+00
2.333452377915606846e+01,2.121320343559641053e+00
0.000000000000000000e+00,1.414213562373094923e+00
2.828427124746189403e+00,-4.242640687119283882e+00
0.000000000000000000e+00,-1.414213562373094923e+00
9.192388155425117446e+00,2.121320343559630839e+00
2.121320343559639721e+00,-7.778174593052021635e+00
3.535533905932737309e+00,-7.071067811865474617e-01
1.414213562373094391e+01,8.485281374238571317e+00
-2.828427124746189847e+00,0.000000000000000000e+00
2.121320343559641941e+00,-4.949747468305832676e+00
1.414213562373094923e+00,-4.242640687119284770e+00
-7.071067811865474617e-01,-7.071067811865474617e-01
-4.949747468305831788e+00,4.949747468305832676e+00
1.414213562373094923e+00,-2.828427124746189847e+00
0.000000000000000000e+00,0.000000000000000000e+00
-3.535533905932736420e+00,-7.778174593052020747e+00
6.858935777509509535e+01,-3.323401871576776045e+01
-1.484924240491749892e+01,2.757716446627534523e+01
2.121320343559642385e+00,-7.778174593052021635e+00
-7.071067811865474617e-01,-7.071067811865474617e-01
1.414213562373094923e+00,0.000000000000000000e+00
-1.202081528017130729e+01,-4.949747468305832676e+00
-2.828427124746189847e+00,-4.242640687119284770e+00
0.000000000000000000e+00,-4.242640687119283882e+00
4.242640687119284770e+00,-1.414213562373094923e+00
3.535533905932737309e+00,-2.121320343559642385e+00
0.000000000000000000e+00,-4.242640687119284770e+00
2.121320343559642385e+00,7.071067811865474617e-01
7.071067811865474617e-01,-3.535533905932737309e+00
-2.828427124746189847e+00,-1.414213562373094923e+00
-2.121320343559642385e+00,-7.071067811865474617e-01
-7.071067811865472841e+00,1.414213562373095456e+01
-2.828427124746189847e+00,8.485281374238569541e+00
2.121320343559642385e+00,2.121320343559642385e+00
-3.535533905932736864e+00,4.949747468305831788e+00
7.071067811865474617e-01,-2.121320343559642385e+00
3.535533905932737309e+00,6.363961030678927600e+00
-1.343502884254440133e+01,-4.949747468305830012e+00
-7.071067811865474617e-01,-6.363961030678927600e+00
-2.899137802864844105e+01,-2.050609665440988394e+01
7.071067811865474617e-01,7.071067811865474617e-01
9.899494936611672458e+00,-1.131370849898475761e+01
2.121320343559642385e+00,-7.071067811865474617e-01
-6.363961030678925823e+00,2.121320343559642829e+00
3.535533905932737309e+00,-4.949747468305831788e+00
-1.414213562373094923e+00,1.414213562373094923e+00
-4.242640687119284770e+00,-2.828427124746189847e+00
7.778174593052025187e+00,-7.778174593052023411e+00
4.949747468305831788e+00,6.363961030678924935e+00
7.071067811865474617e-01,7.071067811865474617e-01
8.485281374238569541e+00,-2.828427124746188071e+00
5.656854249492377917e+00,-1.414213562373097588e+00
2.828427124746189847e+00,-1.414213562373094923e+00
0.000000000000000000e+00,-2.828427124746189847e+00
-9.899494936611667129e+00,5.656854249492381470e+00
4.440892098500626162e-16,-1.414213562373095812e+00
-1.414213562373095812e+00,1.838477631085023489e+01
7.071067811865465735e-01,2.121320343559641941e+00
0.000000000000000000e+00,-1.414213562373094923e+00
9.192388155425117446e+00,4.949747468305831788e+00
-1.414213562373094923e+00,0.000000000000000000e+00
6.363961030678927600e+00,2.121320343559642385e+00
1.103086578651014378e+02,-1.385929291125632687e+02
-7.071067811865474617e-01,-3.535533905932737309e+00
1.060660171779821326e+01,-1.060660171779819905e+01
-1.414213562373095812e+00,-4.242640687119285658e+00
-6.363961030678930086e+01,-2.404163056034259682e+01
3.535533905932737309e+00,-4.949747468305832676e+00
-4.242640687119284770e+00,0.000000000000000000e+00
7.778174593052023411e+00,-9.192388155425117446e+00
-9.192388155425117446e+00,-7.071067811865474617e-01
1.414213562373094923e+00,0.000000000000000000e+00
5.656854249492376141e+00,-7.071067811865473729e+00
-5.656854249492378806e+00,-7.071067811865473729e+00
-2.121320343559642385e+00,4.949747468305831788e+00
-5.656854249492379694e+00,4.242640687119285658e+00
-1.555634918610404327e+01,-1.414213562373095368e+00
-1.484924240491749359e+01,7.071067811865470176e-01
8.202438661763950734e+01,-5.656854249492365483e+00
4.949747468305831788e+00,-6.363961030678927600e+00
3.535533905932737309e+00,-3.535533905932737309e+00
-7.071067811865474617e+00,-2.828427124746188959e+00
4.242640687119284770e+00,-1.414213562373094923e+00
-7.778174593052021635e+00,-9.192388155425115670e+00
5.656854249492374365e+00,1.979898987322332360e+01
-4.440892098500626162e-16,-1.414213562373094035e+00
-7.071067811865474617e-01,2.121320343559642385e+00
7.071067811865474617e-01,-2.121320343559642385e+00
-4.949747468305831788e+00,7.071067811865474617e-01
-4.440892098500626162e-16,8.485281374238569541e+00
-1.414213562373095812e+00,5.656854249492379694e+00
7.071067811865474617e-01,-2.121320343559642385e+00
1.414213562373095812e+01,-7.071067811865475505e+00
-7.071067811865474617e-01,-7.071067811865474617e-01
2.121320343559642385e+00,-7.071067811865474617e-01
-1.414213562373094923e+00,0.000000000000000000e+00
-1.414213562373094923e+00,7.071067811865474617e+00
0.000000000000000000e+00,1.414213562373094923e+00
4.949747468305835341e+00,-1.060660171779820971e+01
-2.404163056034260038e+01,5.656854249492377917e+00
2.121320343559643717e+00,4.949747468305831788e+00
1.414213562373094923e+00,0.000000000000000000e+00
-5.656854249492379694e+00,1.414213562373095368e+00
1.414213562373094923e+00,2.828427124746187182e+00
-9.192388155425119223e+00,7.071067811865483499e-01
7.071067811865470176e-01,6.363961030678925823e+00
-2.828427124746189403e+00,-7.071067811865474617e+00
-1.414213562373094479e+00,-4.242640687119285658e+00
0.000000000000000000e+00,1.414213562373094923e+00
4.808326112068521496e+01,9.899494936611658247e+00
4.949747468305831788e+00,4.949747468305831788e+00
1.414213562373100253e+00,-2.121320343559641941e+01
1.343502884254440133e+01,-7.071067811865470176e-01
2.121320343559642385e+00,-7.071067811865474617e-01
1.060660171779821681e+01,-7.071067811865474617e-01
2.828427124746188959e+00,5.656854249492378806e+00
2.121320343559641497e+00,4.949747468305833564e+00
4.949747468305831788e+00,7.071067811865474617e-01
5.656854249492397457e+00,-1.414213562373094213e+01
-3.535533905932738641e+00,9.192388155425117446e+00
0.000000000000000000e+00,2.828427124746189847e+00
-3.535533905932737309e+00,-4.949747468305833564e+00
1.414213562373094923e+00,0.000000000000000000e+00
2.121320343559642385e+00,-7.071067811865474617e-01
2.121320343559642385e+00,7.071067811865474617e-01
0.000000000000000000e+00,0.000000000000000000e+00
-1.414213562373094923e+00,0.000000000000000000e+00
7.071067811865474617e-01,3.535533905932737309e+00
1.414213562373094923e+00,0.000000000000000000e+00
7.071067811865474617e-01,-7.071067811865474617e-01
4.242640687119284770e+00,-2.828427124746189847e+00
1.838477631085017450e+01,-1.272792206135787296e+01
-1.414213562373094923e+00,-2.828427124746189847e+00
0.000000000000000000e+00,1.414213562373094923e+00
-5.656854249492378806e+00,2.828427124746189847e+00
-1.131370849898476116e+01,-7.071067811865472841e+00
-2.121320343559642385e+00,1.060660171779821503e+01
7.071067811865474617e-01,-4.949747468305831788e+00
-7.071067811865474617e-01,7.071067811865474617e-01
1.414213562373094923e+00,1.414213562373094923e+00
-7.778174593052019858e+00,2.121320343559644162e+00
-1.414213562373094923e+00,2.828427124746189847e+00
6.363961030678926711e+00,3.535533905932735976e+00
4.242640687119284770e+00,4.242640687119283882e+00
9.192388155425117446e+00,-3.535533905932737309e+00
-7.071067811865474617e-01,7.071067811865474617e-01
2.121320343559642829e+00,-1.060660171779821326e+01
-2.121320343559642385e+00,7.071067811865474617e-01
-7.071067811865474617e-01,7.071067811865474617e-01
4.242640687119283882e+00,-2.828427124746189847e+00
0.000000000000000000e+00,-1.414213562373094923e+00
3.535533905932737309e+00,7.778174593052021635e+00
7.636753236814716672e+01,-5.232590180780450595e+01
1.414213562373094035e+00,-1.697056274847713908e+01
-7.071067811865474617e-01,7.071067811865474617e-01
7.778174593052026964e+00,1.202081528017130552e+01
1.414213562373094923e+00,9.899494936611663576e+00
7.071067811865474617e-01,-7.071067811865474617e-01
7.071067811865474617e-01,2.121320343559642385e+00
-7.071067811865474617e-01,7.071067811865474617e-01
-2.121320343559641941e+00,-2.121320343559642385e+00
9.192388155425113894e+00,2.121320343559640609e+00
2.828427124746187182e+00,-5.656854249492379694e+00
-1.909188309203678813e+01,-2.050609665440987683e+01
-7.071067811865474617e-01,2.121320343559642385e+00
7.071067811865474617e-01,7.071067811865474617e-01
-3.535533905932737309e+00,3.535533905932737309e+00
-7.071067811865474617e-01,7.071067811865474617e-01
2.121320343559642385e+00,-2.121320343559641941e+00
-4.101219330881973235e+01,-4.384062043356590976e+01
-1.414213562373094923e+00,0.000000000000000000e+00
-7.071067811865474617e-01,-4.949747468305831788e+00
-7.071067811865474617e-01,-2.121320343559642385e+00
2.121320343559642385e+00,-3.535533905932737309e+00
6.363961030678926711e+00,3.535533905932737309e+00
9.899494936611667129e+00,-2.404163056034262524e+01
-2.121320343559642385e+00,3.535533905932737309e+00
-1.060660171779821326e+01,-4.949747468305833564e+00
-5.656854249492379694e+00,7.071067811865473729e+00
2.828427124746189847e+00,2.828427124746189847e+00
-7.071067811865465735e-01,-2.121320343559641497e+00
3.535533905932737309e+00,-7.071067811865474617e-01
-1.909188309203678102e+01,-1.909188309203678102e+01
9.192388155425117446e+00,-6.363961030678925823e+00
-3.394112549695427816e+01,1.131370849898475939e+01
-4.949747468305831788e+00,-4.949747468305831788e+00
1.414213562373095368e+00,0.000000000000000000e+00
-7.071067811865474617e-01,-7.778174593052026076e+00
-7.071067811865483499e-01,1.060660171779821148e+01
-2.828427124746199617e+00,-1.555634918610404327e+01
-7.071067811865474617e-01,-7.071067811865474617e-01
2.828427124746189847e+00,1.414213562373094923e+00
1.414213562373094923e+00,4.242640687119283882e+00
-7.071067811865474617e-01,-7.071067811865474617e-01
-1.131370849898476472e+01,1.697056274847713908e+01
-7.071067811865474617e-01,-3.535533905932737309e+00
4.242640687119283882e+00,-1.555634918610404505e+01
-4.949747468305831788e+00,-3.535533905932737309e+00
-9.899494936611660023e+00,-1.414213562373095101e+01
-1.414213562373094923e+00,1.414213562373094923e+00
-7.071067811865474617e-01,2.121320343559642385e+00
0.000000000000000000e+00,0.000000000000000000e+00
1.484924240491749714e+01,-3.535533905932739973e+00
1.555634918610405215e+01,1.838477631085023134e+01
1.414213562373094923e+00,4.242640687119285658e+00
-9.192388155425113894e+00,-3.535533905932738197e+00
-6.363961030678927600e+00,-9.192388155425117446e+00
6.363961030678926711e+00,-4.949747468305833564e+00
-6.363961030678928488e+00,1.343502884254440310e+01
3.535533905932737309e+00,2.121320343559642385e+00
1.414213562373094391e+01,1.272792206135785698e+01
1.909188309203678102e+01,7.071067811865483499e-01
0.000000000000000000e+00,0.000000000000000000e+00
-1.414213562373094923e+00,-4.242640687119284770e+00
-7.071067811865474617e-01,-2.121320343559642385e+00
2.121320343559642385e+00,3.535533905932737309e+00
-1.414213562373094923e+00,0.000000000000000000e+00
1.414213562373095101e+01,-2.404163056034261103e+01
7.071067811865474617e-01,7.071067811865474617e-01
-7.071067811865473729e+00,-4.242640687119284770e+00
2.828427124746189847e+00,-7.071067811865474617e+00
5.656854249492381470e+00,-4.242640687119283882e+00
2.828427124746189403e+00,1.414213562373094479e+00
2.121320343559642385e+00,-7.071067811865474617e-01
1.414213562373094923e+00,1.414213562373094923e+00
-7.071067811865474617e-01,-2.121320343559642385e+00
1.131370849898476116e+01,9.899494936611668905e+00
-1.414213562373095812e+00,2.828427124746188959e+00
2.121320343559642385e+00,-2.121320343559642385e+00
6.363961030678927600e+00,1.202081528017130552e+01
0.000000000000000000e+00,-1.414213562373094923e+00
-4.242640687119283882e+00,9.899494936611663576e+00
8.881784197001252323e-16,7.071067811865474617e+00
-7.071067811865474617e-01,7.071067811865474617e-01
-1.272792206135785520e+01,1.979898987322333070e+01
7.071067811865474617e-01,-4.949747468305831788e+00
-7.071067811865474617e-01,3.535533905932737309e+00
1.131370849898476116e+01,-9.899494936611665352e+00
-7.071067811865475505e+00,7.071067811865473729e+00
4.242640687119284770e+00,-1.414213562373094923e+00
-4.242640687119284770e+00,-1.414213562373094923e+00
-6.363961030678927600e+00,7.071067811865474617e-01
4.242640687119284770e+00,-1.414213562373094479e+00
0.000000000000000000e+00,1.414213562373094923e+00
-6.363961030678927600e+00,9.192388155425120999e+00
-4.242640687119283882e+00,-5.656854249492379694e+00
-2.121320343559642385e+00,7.071067811865474617e-01
-5.656854249492372588e+00,-8.485281374238569541e+00
1.414213562373094923e+00,2.828427124746189847e+00
-4.949747468305831788e+00,-6.363961030678929376e+00
1.414213562373094923e+00,-2.828427124746189847e+00
2.828427124746189847e+00,-1.414213562373094923e+00
-1.414213562373094923e+00,-1.414213562373094923e+00
5.656854249492379694e+00,-7.071067811865473729e+00
7.071067811865474617e-01,7.071067811865474617e-01
-7.071067811865475505e+00,5.656854249492379694e+00
-2.828427124746189847e+00,9.899494936611663576e+00
7.071067811865465735e-01,2.121320343559646382e+00
-2.828427124746189847e+00,-4.242640687119284770e+00
2.121320343559642385e+00,-2.121320343559642385e+00
4.242640687119284770e+00,1.414213562373094923e+00
2.828427124746189847e+00,0.000000000000000000e+00
3.535533905932737309e+00,-7.071067811865474617e-01
-2.121320343559642385e+00,4.949747468305831788e+00
1.414213562373094923e+00,-1.414213562373094923e+00
2.121320343559642385e+00,2.121320343559642385e+00
4.242640687119283882e+00,-4.242640687119284770e+00
3.535533905932736420e+00,1.484924240491750069e+01
-3.535533905932737309e+00,-6.363961030678927600e+00
4.949747468305831788e+00,-3.535533905932737309e+00
-2.828427124746189847e+00,2.828427124746189847e+00
1.979898987322332360e+01,9.899494936611663576e+00
2.828427124746188959e+00,4.242640687119287435e+00
-1.414213562373095368e+00,1.272792206135785342e+01
-4.242640687119284770e+00,2.828427124746189847e+00
7.071067811865474617e-01,7.071067811865474617e-01
3.535533905932737309e+00,-3.535533905932737309e+00
-7.778174593052019858e+00,-3.535533905932738197e+00
0.000000000000000000e+00,1.414213562373094923e+00
8.881784197001252323e-16,2.828427124746190735e+00
4.949747468305831788e+00,-9.192388155425115670e+00
-1.838477631085023134e+01,3.394112549695425685e+01
5.656854249492374365e+00,1.414213562373094746e+01
1.414213562373094923e+00,2.828427124746189847e+00
-1.060660171779821148e+01,-7.071067811865474617e-01
2.121320343559642385e+00,2.121320343559642385e+00
7.071067811865474617e-01,7.071067811865474617e-01
-2.121320343559642385e+00,-4.949747468305831788e+00
-1.110157646462878773e+02,2.050609665440984841e+01
-2.828427124746189403e+00,0.000000000000000000e+00
2.121320343559642829e+00,1.202081528017130907e+01
3.535533905932737309e+00,7.778174593052023411e+00
5.656854249492379694e+00,1.414213562373094479e+00
-2.121320343559641497e+00,-1.060660171779821503e+01
0.000000000000000000e+00,5.656854249492379694e+00
9.899494936611663576e+00,0.000000000000000000e+00
-2.121320343559642385e+00,7.071067811865474617e-01
2.121320343559642385e+00,-7.071067811865474617e-01
7.071067811865474617e-01,2.121320343559642385e+00
-1.414213562373094923e+00,-2.828427124746189847e+00
-2.828427124746190291e+00,-4.242640687119284770e+00
7.071067811865501263e-01,3.535533905932740861e+00
-7.071067811865474617e-01,-1.484924240491749714e+01
-4.242640687119284770e+00,2.828427124746189847e+00
7.778174593052018082e+00,-1.626345596729058585e+01
-7.071067811865471953e+00,4.242640687119283882e+00
-7.071067811865474617e-01,-3.535533905932737309e+00
4.949747468305831788e+00,-2.121320343559642385e+00
-1.414213562373094923e+00,0.000000000000000000e+00
-7.071067811865474617e-01,-7.071067811865474617e-01
0.000000000000000000e+00,-1.414213562373094923e+00
-2.121320343559642385e+00,-6.363961030678927600e+00
-1.414213562373094923e+00,-9.899494936611667129e+00
-1.272792206135785875e+01,8.485281374238569541e+00
-1.272792206135786053e+01,2.121320343559641941e+01
6.363961030678932929e+00,9.192388155425113894e+00
-1.414213562373094923e+00,-1.414213562373094923e+00
-1.414213562373094923e+00,0.000000000000000000e+00
-1.555634918610404505e+01,9.899494936611663576e+00
1.414213562373094923e+00,0.000000000000000000e+00
1.343502884254440133e+01,-2.121320343559643273e+00
0.000000000000000000e+00,-2.828427124746189403e+00
7.071067811865474617e-01,-7.071067811865474617e-01
1.414213562373094923e+00,0.000000000000000000e+00
7.071067811865474617e-01,2.121320343559642385e+00
-2.828427124746189847e+00,2.828427124746189847e+00
-2.333452377915606490e+01,7.778174593052021635e+00
-1.414213562373094923e+00,-2.828427124746189847e+00
-2.121320343559642385e+00,7.071067811865474617e-01
-4.949747468305831788e+00,7.071067811865474617e-01
7.071067811865474617e-01,3.535533905932737309e+00
4.242640687119283882e+00,-1.414213562373094923e+00
7.071067811865474617e-01,-7.071067811865474617e-01
-1.414213562373095456e+01,5.656854249492379694e+00
0.000000000000000000e+00,8.485281374238569541e+00
1.343502884254439422e+01,-2.121320343559647270e+00
-2.121320343559642385e+00,4.949747468305833564e+00
2.121320343559643273e+00,-7.071067811865474617e-01
7.071067811865474617e-01,-7.071067811865474617e-01
7.778174593052021635e+00,-2.121320343559642385e+00
-1.776356839400250465e-15,1.697056274847713908e+01
-5.656854249492379694e+00,-7.071067811865475505e+00
-1.414213562373098476e+01,1.697056274847717106e+01
0.000000000000000000e+00,8.485281374238569541e+00
2.121320343559642385e+00,-7.071067811865474617e-01
-1.979898987322332715e+01,-1.131370849898475761e+01
7.071067811865474617e-01,-7.071067811865474617e-01
1.251579002700189278e+02,4.030508652763327149e+01
4.949747468305831788e+00,-4.949747468305831788e+00
1.414213562373094923e+00,0.000000000000000000e+00
0.000000000000000000e+00,1.414213562373094923e+00
-4.949747468305831788e+00,-1.060660171779821148e+01
-2.121320343559642385e+00,-2.121320343559642385e+00
7.071067811865483499e-01,3.535533905932737753e+00
1.697056274847713908e+01,-1.414213562373094923e+00
2.121320343559642385e+00,7.071067811865474617e-01
-7.071067811865474617e-01,3.535533905932737309e+00
1.414213562373094923e+00,1.414213562373094923e+00
-2.828427124746189847e+00,5.656854249492379694e+00
-2.828427124746189847e+00,0.000000000000000000e+00
8.881784197001252323e-16,8.485281374238571317e+00
-7.071067811865474617e-01,-7.071067811865474617e-01
7.071067811865474617e-01,-7.071067811865474617e-01
-9.899494936611665352e+00,-1.838477631085023489e+01
7.071067811865475505e+00,4.242640687119283882e+00
1.767766952966368876e+01,7.778174593052025187e+00
9.899494936611667129e+00,5.656854249492379694e+00
-9.899494936611667129e+00,9.899494936611668905e+00
1.909188309203678102e+01,-4.949747468305831788e+00
2.828427124746189847e+00,7.071067811865475505e+00
5.020458146424481072e+01,-1.202081528017131262e+01
-2.121320343559642385e+00,-3.535533905932737309e+00
-2.121320343559642385e+00,3.535533905932736420e+00
2.828427124746188959e+00,-5.656854249492379694e+00
7.071067811865475505e+00,4.242640687119284770e+00
-2.828427124746188959e+00,2.828427124746189847e+00
-7.071067811865474617e-01,7.071067811865474617e-01
4.949747468305831788e+00,-2.121320343559642385e+00
-7.778174593052023411e+00,-3.535533905932736420e+00
-1.414213562373094923e+00,-1.414213562373094923e+00
-8.485281374238571317e+00,1.414213562373094035e+00
-7.071067811865474617e-01,7.778174593052023411e+00
1.414213562373094923e+00,-1.414213562373094923e+00
6.363961030678927600e+00,6.363961030678927600e+00
0.000000000000000000e+00,-4.242640687119284770e+00
-1.131370849898476294e+01,-5.656854249492379694e+00
4.949747468305831788e+00,2.121320343559642385e+00
-6.363961030678927600e+00,7.071067811865474617e-01
-7.071067811865474617e-01,-7.071067811865474617e-01
-7.071067811865474617e-01,7.071067811865474617e-01
3.535533905932736420e+00,-4.949747468305831788e+00
7.071067811865483499e-01,9.192388155425119223e+00
1.414213562373094035e+00,-8.485281374238571317e+00
-6.363961030678927600e+00,-9.192388155425120999e+00
0.000000000000000000e+00,2.828427124746189847e+00
1.414213562373094923e+00,0.000000000000000000e+00
-2.828427124746189847e+00,-4.242640687119283882e+00
7.071067811865474617e-01,7.071067811865474617e-01
